"field_date","site_reach","site","reach","mat_sampled","ATX_all_ug_afdm_g","ATX_all_ug_g","ATXa_ug_g","HTXa_ug_g","dhATXa_ug_g","per_org_matter"
2022-06-29,"SFE-M-1S","SFE-M","1S","Microcoleus",0,0,0,0,0,0.18
2022-06-29,"SFE-M-3","SFE-M","3","Microcoleus",0,0,0,0,0,0.18
2022-06-29,"SFE-M-4","SFE-M","4","Microcoleus",0,0,0,0,0,0.18
2022-07-14,"SFE-M-1S","SFE-M","1S","Anabaena",2.0552632,0.781,0.781,0,0,0.38
2022-07-14,"SFE-M-1S","SFE-M","1S","Microcoleus",0,0,0,0,0,0.76
2022-07-14,"SFE-M-3","SFE-M","3","Anabaena",1.9103125,0.6113,0.542,0,0.0693,0.32
2022-07-14,"SFE-M-3","SFE-M","3","Microcoleus",0,0,0,0,0,0.57
2022-07-14,"SFE-M-4","SFE-M","4","Anabaena",0.6162162,0.228,0.228,0,0,0.37
2022-07-28,"SFE-M-1S","SFE-M","1S","Anabaena",11.0515217,5.0837,4.4737,0,0.61,0.46
2022-07-28,"SFE-M-1S","SFE-M","1S","Microcoleus",0.6401562,0.4097,0.4097,0,0,0.64
2022-07-28,"SFE-M-3","SFE-M","3","Anabaena",9.6306122,4.719,4.279,0,0.44,0.49
2022-07-28,"SFE-M-3","SFE-M","3","Microcoleus",0,0,0,0,0,0.71
2022-07-28,"SFE-M-4","SFE-M","4","Anabaena",11.2110417,5.3813,4.5993,0,0.782,0.48
2022-08-10,"SFE-M-1S","SFE-M","1S","Anabaena",154.2180328,94.073,72.138,0,21.935,0.61
2022-08-10,"SFE-M-1S","SFE-M","1S","Microcoleus",6.0793872,4.365,3.754,0,0.611,0.718
2022-08-10,"SFE-M-3","SFE-M","3","Anabaena",4.4456522,2.045,1.894,0,0.151,0.46
2022-08-10,"SFE-M-3","SFE-M","3","Microcoleus",0.8037975,0.635,0.384,0,0.251,0.79
2022-08-10,"SFE-M-4","SFE-M","4","Anabaena",95.0695652,43.732,32.582,0,11.15,0.46
2022-08-10,"SFE-M-4","SFE-M","4","Microcoleus",237.644186,102.187,69.894,0,32.293,0.43
2022-08-23,"SFE-M-1S","SFE-M","1S","Microcoleus",1.4872973,1.1006,0.7723,0,0.3283,0.74
2022-08-23,"SFE-M-3","SFE-M","3","Anabaena",1.6934783,0.779,0.601,0,0.178,0.46
2022-08-23,"SFE-M-3","SFE-M","3","Microcoleus",1.1991643,0.861,0.861,0,0,0.718
2022-09-06,"SFE-M-1S","SFE-M","1S","Anabaena",0,0,0,0,0,0.45
2022-09-06,"SFE-M-3","SFE-M","3","Microcoleus",0.5188679,0.33,0.198,0,0.132,0.636
2022-09-08,"SFE-M-1S","SFE-M","1S","Microcoleus",3.1985915,2.271,1.685,0,0.586,0.71
2022-09-17,"SFE-M-1S","SFE-M","1S","Anabaena",0,0,0,0,0,0.46
2022-09-17,"SFE-M-1S","SFE-M","1S","Microcoleus",3.2685714,2.288,1.877,0,0.411,0.7
2022-09-17,"SFE-M-3","SFE-M","3","Microcoleus",0.6315789,0.48,0.3467,0,0.1333,0.76
2023-07-03,"SFE-M-3","SFE-M","3","Microcoleus",0,0,0,0,0,0.67
2023-07-10,"SFE-M-1S","SFE-M","1S","Anabaena",0,0,0,0,0,0.64
2023-07-10,"SFE-M-1S","SFE-M","1S","Microcoleus",0,0,0,0,0,0.88
2023-07-10,"SFE-M-2","SFE-M","2","Microcoleus",0,0,0,0,0,0.06
2023-07-10,"SFE-M-3","SFE-M","3","Microcoleus",0,0,0,0,0,0.85
2023-07-10,"SFE-M-4","SFE-M","4","Anabaena",0.0626866,0.042,0.042,0,0,0.67
2023-07-11,"SFE-M-1S","SFE-M","1S","Microcoleus",0,0,0,0,0,0.69
2023-07-17,"SFE-M-1S","SFE-M","1S","Anabaena",0.0436464,0.0237,0.0237,0,0,0.543
2023-07-17,"SFE-M-1S","SFE-M","1S","Microcoleus",0,0,0,0,0,0.685
2023-07-17,"SFE-M-3","SFE-M","3","Microcoleus",0,0,0,0,0,0.699
2023-07-17,"SFE-M-4","SFE-M","4","Anabaena",0.0365854,0.015,0.015,0,0,0.41
2023-07-24,"SFE-M-1S","SFE-M","1S","Anabaena",0.33,0.1485,0.124,0,0.0245,0.45
2023-07-24,"SFE-M-1S","SFE-M","1S","Microcoleus",0,0,0,0,0,0.675
2023-07-24,"SFE-M-2","SFE-M","2","Anabaena",4.8121212,1.588,1.423,0,0.165,0.33
2023-07-24,"SFE-M-2","SFE-M","2","Microcoleus",0,0,0,0,0,0.16
2023-07-24,"SFE-M-3","SFE-M","3","Anabaena",0.275,0.088,0.026,0,0.062,0.32
2023-07-24,"SFE-M-3","SFE-M","3","Microcoleus",0.1433121,0.09,0.09,0,0,0.628
2023-07-24,"SFE-M-4","SFE-M","4","Anabaena",1.9948718,0.778,0.605,0,0.173,0.39
2023-07-31,"SFE-M-1S","SFE-M","1S","Anabaena",8.83448785,3.692,3.132,0,0.56,0.5515
2023-07-31,"SFE-M-1S","SFE-M","1S","Microcoleus",0.2561247,0.178,0.178,0,0,0.692
2023-07-31,"SFE-M-2","SFE-M","2","Anabaena",14.7617647,5.019,4.227,0,0.792,0.34
2023-07-31,"SFE-M-2","SFE-M","2","Microcoleus",0.3115385,0.081,0.081,0,0,0.26
2023-07-31,"SFE-M-3","SFE-M","3","Anabaena",1.8166667,0.763,0.588,0,0.175,0.42
2023-07-31,"SFE-M-3","SFE-M","3","Microcoleus",0.4064935,0.313,0.268,0,0.045,0.77
2023-07-31,"SFE-M-4","SFE-M","4","Anabaena",11.8761905,4.988,3.862,0,1.126,0.42
2023-08-07,"SFE-M-1S","SFE-M","1S","Anabaena",17.78662445,7.132,6.37365,0,0.75835,0.463
2023-08-07,"SFE-M-1S","SFE-M","1S","Microcoleus",0.527971,0.3643,0.2943,0,0.07,0.69
2023-08-07,"SFE-M-2","SFE-M","2","Anabaena",9.4769231,1.232,1.144,0,0.088,0.13
2023-08-07,"SFE-M-2","SFE-M","2","Microcoleus",7.4540541,2.758,2.42,0,0.338,0.37
2023-08-07,"SFE-M-3","SFE-M","3","Anabaena",10.6955556,4.813,4.13,0,0.683,0.45
2023-08-07,"SFE-M-3","SFE-M","3","Microcoleus",2.7764706,1.888,1.536,0,0.352,0.68
2023-08-07,"SFE-M-4","SFE-M","4","Anabaena",87.7,38.588,34.248,0,4.34,0.44
2023-08-07,"SFE-M-4","SFE-M","4","Microcoleus",2.8111111,0.253,0.253,0,0,0.09
2023-08-14,"SFE-M-1S","SFE-M","1S","Anabaena",70.28942205,36.5015,32.276,0.019,4.2065,0.54
2023-08-14,"SFE-M-1S","SFE-M","1S","Microcoleus",0.70866665,0.5315,0.482,0,0.0495,0.75
2023-08-14,"SFE-M-2","SFE-M","2","Anabaena",177.0758621,51.352,45.657,0,5.695,0.29
2023-08-14,"SFE-M-2","SFE-M","2","Microcoleus",3.2745763,1.932,1.643,0,0.289,0.59
2023-08-14,"SFE-M-3","SFE-M","3","Anabaena",43.7452465,24.8473,21.7983,0,3.049,0.568
2023-08-14,"SFE-M-3","SFE-M","3","Microcoleus",8.850466,6.6467,5.499,0,1.1477,0.751
2023-08-14,"SFE-M-4","SFE-M","4","Anabaena",67.7891892,25.082,21.478,0,3.604,0.37
2023-08-22,"SFE-M-1S","SFE-M","1S","Anabaena",39.13851215,15.9715,13.9875,0,1.984,0.45
2023-08-22,"SFE-M-1S","SFE-M","1S","Microcoleus",3.9301566,2.7725,2.3365,0,0.436,0.725
2023-08-22,"SFE-M-2","SFE-M","2","Anabaena",34.615,6.923,5.981,0,0.942,0.2
2023-08-22,"SFE-M-2","SFE-M","2","Microcoleus",30.875,17.29,14.72,0,2.57,0.56
2023-08-22,"SFE-M-3","SFE-M","3","Anabaena",39.387788,17.0943,13.9683,0,3.126,0.434
2023-08-22,"SFE-M-3","SFE-M","3","Microcoleus",9.6872368,7.3623,6.2913,0,1.071,0.76
2023-08-22,"SFE-M-4","SFE-M","4","Anabaena",65.482,32.741,28.817,0,3.924,0.5
2023-08-22,"SFE-M-4","SFE-M","4","Microcoleus",247.665,99.066,83.438,0,15.628,0.4
2023-08-28,"SFE-M-1S","SFE-M","1S","Anabaena",10.4983333,12.598,10.67,0,1.928,1
2023-08-28,"SFE-M-1S","SFE-M","1S","Microcoleus",8.3825713,6.252,5.09085,0,1.16115,0.744
2023-08-28,"SFE-M-2","SFE-M","2","Microcoleus",34.6041667,16.61,14.081,0,2.529,0.48
2023-08-28,"SFE-M-3","SFE-M","3","Anabaena",1.6210526,0.616,0.463,0,0.153,0.38
2023-08-28,"SFE-M-3","SFE-M","3","Microcoleus",25.9924051,20.534,17.336,0,3.198,0.79
2023-09-04,"SFE-M-1S","SFE-M","1S","Anabaena",6.5167785,2.913,2.615,0,0.298,0.447
2023-09-04,"SFE-M-1S","SFE-M","1S","Microcoleus",20.06867155,15.452,12.91665,0,2.53535,0.7785
2023-09-04,"SFE-M-2","SFE-M","2","Anabaena",0.0928571,0.013,0.013,0,0,0.14
2023-09-04,"SFE-M-2","SFE-M","2","Microcoleus",40.9818182,18.032,16,0,2.032,0.44
2023-09-04,"SFE-M-3","SFE-M","3","Microcoleus",35.3835616,25.83,22.963,0,2.867,0.73
2023-09-04,"SFE-M-4","SFE-M","4","Microcoleus",5.6970588,1.937,1.699,0,0.238,0.34
2023-09-12,"SFE-M-1S","SFE-M","1S","Anabaena",0.09,0.027,0.027,0,0,0.3
2023-09-12,"SFE-M-1S","SFE-M","1S","Microcoleus",11.91262815,9.087,8.2675,0,0.8195,0.765
2023-09-12,"SFE-M-2","SFE-M","2","Microcoleus",16.1451876,9.897,8.982,0,0.915,0.613
2023-09-12,"SFE-M-3","SFE-M","3","Microcoleus",27.3835616,19.99,18.323,0,1.667,0.73
2023-09-12,"SFE-M-4","SFE-M","4","Microcoleus",2.7217391,1.252,1.157,0,0.095,0.46
2023-09-18,"SFE-M-1S","SFE-M","1S","Anabaena",5.825,3.6115,3.032,0,0.5795,0.465
2023-09-18,"SFE-M-1S","SFE-M","1S","Microcoleus",33.10236285,25.037,22.0535,0,2.9835,0.77
2023-09-18,"SFE-M-2","SFE-M","2","Anabaena",0,0,0,0,0,0.15
2023-09-18,"SFE-M-2","SFE-M","2","Microcoleus",10.7181818,5.895,5.437,0,0.458,0.55
2023-09-18,"SFE-M-3","SFE-M","3","Anabaena",0,0,0,0,0,0.263
2023-09-18,"SFE-M-3","SFE-M","3","Microcoleus",17.3108108,12.81,11.662,0,1.148,0.74
2023-09-18,"SFE-M-4","SFE-M","4","Microcoleus",1.5394,0.7697,0.7077,0,0.062,0.5
2023-09-24,"SFE-M-1S","SFE-M","1S","Anabaena",0.83731345,0.561,0.5155,0,0.0455,0.545
2023-09-24,"SFE-M-1S","SFE-M","1S","Microcoleus",13.1057509,10.448,9.408,0,1.04,0.8
2023-09-24,"SFE-M-2","SFE-M","2","Anabaena",0.0382716,0.0093,0,0.0093,0,0.243
2023-09-24,"SFE-M-2","SFE-M","2","Microcoleus",5.3253472,3.0674,2.7717,0,0.2957,0.576
2023-09-24,"SFE-M-3","SFE-M","3","Microcoleus",7.4184211,5.638,5.312,0,0.326,0.76
2023-09-24,"SFE-M-4","SFE-M","4","Microcoleus",0.1655738,0.101,0.101,0,0,0.61
2024-06-19,"SFE-M-1S","SFE-M","1S","Microcoleus",0,0,0,0,0,0.76
2024-06-19,"SFE-M-4","SFE-M","4","Microcoleus",0,0,0,0,0,0.7353
2024-07-02,"SFE-M-1S","SFE-M","1S","Microcoleus",0,0,0,0,0,0.5929
2024-07-02,"SFE-M-2","SFE-M","2","Microcoleus",0,0,0,0,0,0.3528
2024-07-02,"SFE-M-3","SFE-M","3","Microcoleus",0,0,0,0,0,0.6055
2024-07-02,"SFE-M-4","SFE-M","4","Microcoleus",0,0,0,0,0,1
2024-07-17,"SFE-M-1S","SFE-M","1S","Microcoleus",0.0422317392338806,0.0236666666666667,0,0,0.053,0.5604
2024-07-17,"SFE-M-2","SFE-M","2","Microcoleus",0,0,0,0,0,0.395
2024-07-17,"SFE-M-3","SFE-M","3","Microcoleus",0,0,0,0,0,0.6139
2024-07-17,"SFE-M-4","SFE-M","4","Microcoleus",0,0,0,0,0,0.0963
2024-07-31,"SFE-M-1S","SFE-M","1S","Anabaena",21.4868701206529,3.0275,2.71,0,0.3175,0.1409
2024-07-31,"SFE-M-1S","SFE-M","1S","Microcoleus",0.617484562885928,0.38,0.602,0,0.0995,0.6154
2024-07-31,"SFE-M-2","SFE-M","2","Anabaena",11.063733272851,4.878,3.489,0,1.389,0.4409
2024-07-31,"SFE-M-2","SFE-M","2","Microcoleus",0,0,0.363,0,0,0.0981
2024-07-31,"SFE-M-3","SFE-M","3","Anabaena",2.46866918639348,1.241,1.005,0,0.236,0.5027
2024-07-31,"SFE-M-3","SFE-M","3","Microcoleus",0.0776417949730228,0.059,0,0,0.059,0.7599
2024-07-31,"SFE-M-4","SFE-M","4","Anabaena",3.55854413491301,1.11133333333333,0.898333333333333,0,0.213666666666667,0.3123
2024-07-31,"SFE-M-4","SFE-M","4","Microcoleus",0,0,0,0,0,0.0694
2024-08-14,"SFE-M-1S","SFE-M","1S","Anabaena",1.5936018957346,0.538,0.448333333333333,0,0.0896666666666667,0.3376
2024-08-14,"SFE-M-1S","SFE-M","1S","Microcoleus",4.13214990138067,2.514,1.9825,0,0.532,0.6084
2024-08-14,"SFE-M-2","SFE-M","2","Anabaena",0,0,0.204,0.093,0,0.3194
2024-08-14,"SFE-M-2","SFE-M","2","Microcoleus",1.96949602122016,0.594,0.594,0,0,0.3016
2024-08-14,"SFE-M-3","SFE-M","3","Anabaena",0,0,0,0,0,0.204
2024-08-14,"SFE-M-3","SFE-M","3","Microcoleus",0.110084262027725,0.081,0,0,0.081,0.7358
2024-08-14,"SFE-M-4","SFE-M","4","Anabaena",19.5669291338583,1.988,1.218,0,0.77,0.1016
2024-08-14,"SFE-M-4","SFE-M","4","Microcoleus",2.53748558246828,0.88,0.614,0,0.266,0.3468
2024-08-26,"SFE-M-1S","SFE-M","1S","Anabaena",9.23725055432373,2.083,1.529,0,0.553,0.2255
2024-08-26,"SFE-M-1S","SFE-M","1S","Microcoleus",3.53133608815427,2.051,1.436,0,0.616,0.5808
2024-08-26,"SFE-M-2","SFE-M","2","Anabaena",6.40571428571429,2.242,1.424,0,0.818,0.35
2024-08-26,"SFE-M-2","SFE-M","2","Microcoleus",1.41435089174616,0.341,0.262,0,0.078,0.2411
2024-08-26,"SFE-M-3","SFE-M","3","Anabaena",14.0315699658703,6.578,4.73166666666667,0,1.846,0.4688
2024-08-26,"SFE-M-3","SFE-M","3","Microcoleus",2.36779684665829,1.697,1.23,0,0.466,0.7167
2024-08-26,"SFE-M-4","SFE-M","4","Anabaena",3.34379457917261,1.172,0.746,0,0.426,0.3505
2024-08-26,"SFE-M-4","SFE-M","4","Microcoleus",1.89621467922516,1.067,0.663,0,0.404,0.5627
2024-09-14,"SFE-M-1S","SFE-M","1S","Anabaena",0.065554231227652,0.022,0,0,0.022,0.3356
2024-09-14,"SFE-M-1S","SFE-M","1S","Microcoleus",0,0,0,0,0,0.6882
2024-09-14,"SFE-M-2","SFE-M","2","Anabaena",0.210822889342271,0.0723333333333333,0,0,0.0723333333333333,0.3431
2024-09-14,"SFE-M-2","SFE-M","2","Microcoleus",0.0539231869703973,0.0326666666666667,0,0,0.0326666666666667,0.6058
2024-09-14,"SFE-M-3","SFE-M","3","Anabaena",0.51939513477975,0.158,0,0,0.158,0.3042
2024-09-14,"SFE-M-3","SFE-M","3","Microcoleus",0.658888126286891,0.096,0,0,0.096,0.1457
2024-09-14,"SFE-M-4","SFE-M","4","Anabaena",0.0803212851405622,0.066,0,0,0.066,0.8217
2024-09-14,"SFE-M-4","SFE-M","4","Microcoleus",0.160687593423019,0.086,0,0,0.086,0.5352
2024-09-27,"SFE-M-1S","SFE-M","1S","Microcoleus",0,0,0,0,0,0.5275
2024-10-10,"SFE-M-1S","SFE-M","1S","Microcoleus",0,0,0,0,0,0.6482
