"field_date","site_reach","site","reach","nitrate_mg_N_L","oPhos_ug_P_L","ammonium_mg_N_L","DIN_mg_N_L","temp_C","cond_uS_cm","pH","DO_mg_L"
2022-06-29,"SFE-M-1S","SFE-M","1S",0.011,5.8015,0.00731,0.01831,20.33,NA,NA,8.374
2022-06-29,"SFE-M-3","SFE-M","3",0.011,5.812,0.00788,0.01888,23.6,NA,NA,9.793
2022-06-29,"SFE-M-4","SFE-M","4",0.013,7.008,0.005,0.018,25.43,NA,NA,10.132
2022-07-14,"SFE-M-1S","SFE-M","1S",0.017,5.353,0.00463,0.02163,21.71,223.3,NA,9.507
2022-07-14,"SFE-M-3","SFE-M","3",0.011,4.093,0.00516,0.01616,23.63,229.6,NA,10.255
2022-07-14,"SFE-M-4","SFE-M","4",0.017,6.021,0.00447,0.02147,25.72,236.2,NA,11.059
2022-07-28,"SFE-M-1S","SFE-M","1S",0.006,3.901,0.00291,0.00891,24.49,216.4,8.9,9.364
2022-07-28,"SFE-M-3","SFE-M","3",0.006,5.73,0.00335,0.00935,25.83,216.9,8.88,10.77
2022-07-28,"SFE-M-4","SFE-M","4",0.005,3.503,0.00338,0.00838,28.48,218.7,9.14,9.673
2022-08-10,"SFE-M-1S","SFE-M","1S",0.0325,3.7375,0.04816,0.08066,21.81,230.6,8.55,8.855
2022-08-10,"SFE-M-3","SFE-M","3",0.028,3.68,0.06271,0.09071,24.71,240.3,8.63,10.236
2022-08-10,"SFE-M-4","SFE-M","4",0.027,3.996,0.009035,0.036035,27.1,239.4,8.92,11.405
2022-08-23,"SFE-M-1S","SFE-M","1S",0.015,4.229,0.00766,0.02266,24.2,243.8,8.75,8.693
2022-08-23,"SFE-M-3","SFE-M","3",0.018,3.8,0.00769,0.02569,24.71,248.4,8.62,9.626
2022-08-23,"SFE-M-4","SFE-M","4",0.023,4.2415,0.007965,0.030965,27.38,236.8,8.85,11.773
2022-09-06,"SFE-M-1S","SFE-M","1S",0.024,6.473,0.00868,0.03268,22.466,NA,8.17,7.399
2022-09-06,"SFE-M-3","SFE-M","3",0.014,6.4115,0.006595,0.020595,24.115,NA,8.47,9.223
2022-09-06,"SFE-M-4","SFE-M","4",0.028,5.307,0.0112,0.0392,27.42,NA,8.74,11.245
2022-09-17,"SFE-M-1S","SFE-M","1S",0.023,5.342,0.00694,0.02994,19.96,251.2,7.97,7.813
2022-09-17,"SFE-M-3","SFE-M","3",0.015,5.058,0.00769,0.02269,19.66,246.7,8.37,9.033
2022-09-17,"SFE-M-4","SFE-M","4",0.017,4.968,0.01033,0.02733,20.64,248.6,8.53,10.759
2023-06-20,"SFE-M-1S","SFE-M","1S",0.04,4.474,0.00611,0.04611,19,215,8.11,9.09
2023-06-20,"SFE-M-2","SFE-M","2",0.0335,4.019,0.00696,0.04046,19.7,214,8.09,9.71
2023-06-20,"SFE-M-3","SFE-M","3",0.03,3.959,0.00445,0.03445,21.1,214,8.19,9.82
2023-06-20,"SFE-M-4","SFE-M","4",0.029,3.954,0.00524,0.03424,22,214,8.36,10.75
2023-06-25,"SFE-M-1S","SFE-M","1S",0.023,3.916,0.00485,0.02785,21.1,218,8.33,8.45
2023-06-25,"SFE-M-2","SFE-M","2",0.025,4.469,0.0088,0.0338,22.3,218,8.16,8.56
2023-06-25,"SFE-M-3","SFE-M","3",0.021,4.892,0.00563,0.02663,22.7,218,8.32,9.5
2023-06-25,"SFE-M-4","SFE-M","4",0.02,5.085,0.00638,0.02638,23.5,218,8.34,9.65
2023-07-03,"SFE-M-1S","SFE-M","1S",0.0155,4.2925,0.00087,0.01637,25.8,222,8.4,8.26
2023-07-03,"SFE-M-2","SFE-M","2",0.024,5.532,0.00741,0.03141,26.5,222,8.16,7.98
2023-07-03,"SFE-M-3","SFE-M","3",0.017,5.259,0.00385,0.02085,27.5,221,8.39,8.65
2023-07-03,"SFE-M-4","SFE-M","4",0.014,5.426,0.00428,0.01828,29.2,221,8.27,8.96
2023-07-10,"SFE-M-1S","SFE-M","1S",0.011,4.3125,0.00093,0.01193,21.7,225,8.19,8.15
2023-07-10,"SFE-M-2","SFE-M","2",0.016,5.148,0.001455,0.017455,22.2,225,8.13,8.12
2023-07-10,"SFE-M-3","SFE-M","3",0.012,4.249,0.00092,0.01292,23.6,224,8.21,8.4
2023-07-10,"SFE-M-4","SFE-M","4",0.011,4.917,0.00085,0.01185,25,223,8.49,9.33
2023-07-17,"SFE-M-1S","SFE-M","1S",0.01,4.04,0.00086,0.01086,23.5,220,8.5,9.08
2023-07-17,"SFE-M-2","SFE-M","2",0.016,4.229,0.00812,0.02412,24.1,222,8.25,8.21
2023-07-17,"SFE-M-3","SFE-M","3",0.0115,4.327,0.00086,0.01236,25,219,8.45,9.31
2023-07-17,"SFE-M-4","SFE-M","4",0.009,4.547,0.001435,0.010435,26.2,218,8.54,9.74
2023-07-24,"SFE-M-1S","SFE-M","1S",0.0125,3.588,0.00081,0.01331,23.4,206,8.66,10.76
2023-07-24,"SFE-M-2","SFE-M","2",0.01,3.911,9e-04,0.0109,24,213,8.3,8.01
2023-07-24,"SFE-M-3","SFE-M","3",NA,3.382,0.00364,NA,24.5,209,8.63,9.95
2023-07-24,"SFE-M-4","SFE-M","4",0.009,4.008,0.00077,0.00977,26.4,206,8.68,11.14
2023-07-31,"SFE-M-1S","SFE-M","1S",0.013,3.506,0.00285,0.01585,23,209,8.5,9.09
2023-07-31,"SFE-M-2","SFE-M","2",0.01,3.241,9e-04,0.0109,23.7,210,8.33,8.27
2023-07-31,"SFE-M-3","SFE-M","3",0.013,4.187,0.00408,0.01708,23.6,210,8.39,9.17
2023-07-31,"SFE-M-4","SFE-M","4",0.011,4.472,0.00459,0.01559,25.3,208,8.48,10.61
2023-08-07,"SFE-M-1S","SFE-M","1S",0.017,3.991,0.00605,0.02305,23.4,235,8.25,7.55
2023-08-07,"SFE-M-2","SFE-M","2",0.012,3.977,0.00493,0.01693,24.1,234,8.33,8.03
2023-08-07,"SFE-M-3","SFE-M","3",0.015,4.8325,0.005995,0.020995,24.3,234,8.23,8.77
2023-08-07,"SFE-M-4","SFE-M","4",0.01,4.047,0.0039,0.0139,26.1,233,8.52,10.9
2023-08-14,"SFE-M-1S","SFE-M","1S",0.0305,4.712,0.00619,0.03669,25.6,249,8.14,7.48
2023-08-14,"SFE-M-2","SFE-M","2",0.011,3.97,0.00348,0.01448,26.6,248,8.15,7.75
2023-08-14,"SFE-M-3","SFE-M","3",0.019,4.7255,0.005585,0.024585,27.2,246,8.18,7.82
2023-08-14,"SFE-M-4","SFE-M","4",0.01,4.503,0.00438,0.01438,28.9,244,8.34,10.08
2023-08-22,"SFE-M-1S","SFE-M","1S",0.036,6.351,0.00947,0.04547,23.1,262,7.9,6.94
2023-08-22,"SFE-M-2","SFE-M","2",0.037,5.972,0.01886,0.05586,23.1,262,8.08,7.4
2023-08-22,"SFE-M-3","SFE-M","3",0.026,4.687,0.00095,0.02695,23.5,262,8.02,7.94
2023-08-22,"SFE-M-4","SFE-M","4",0.028,4.424,0.00658,0.03458,25.5,258,8.32,10.06
2023-08-28,"SFE-M-1S","SFE-M","1S",0.0285,5.3075,0.00756,0.03606,22.9,261,8.02,7.32
2023-08-28,"SFE-M-2","SFE-M","2",0.024,6.354,0.00566,0.02966,22.5,260,8.1,7.93
2023-08-28,"SFE-M-3","SFE-M","3",0.025,4.956,0.00515,0.03015,23.3,259,8.12,8.09
2023-08-28,"SFE-M-4","SFE-M","4",0.021,5.268,0.005,0.026,24.6,257,8.16,9.65
2023-09-04,"SFE-M-1S","SFE-M","1S",0.025,5.189,0.00701,0.03201,21.5,259,7.96,8.06
2023-09-04,"SFE-M-2","SFE-M","2",0.034,5.232,0.00693,0.04093,22.1,259,8.06,7.82
2023-09-04,"SFE-M-3","SFE-M","3",0.027,4.77,0.00631,0.03331,22.8,259,7.97,7.96
2023-09-04,"SFE-M-4","SFE-M","4",0.0145,4.8825,0.004525,0.019025,23.8,258,8.25,9.09
2023-09-12,"SFE-M-1S","SFE-M","1S",0.028,5.151,0.007655,0.035655,21.4,255,7.94,7.17
2023-09-12,"SFE-M-2","SFE-M","2",0.016,6.14,0.00728,0.02328,22.1,253,8.18,8.46
2023-09-12,"SFE-M-3","SFE-M","3",0.0215,5.763,0.00094,0.02244,21.3,255,8.13,7.8
2023-09-12,"SFE-M-4","SFE-M","4",0.011,5.6605,0.00614,0.01714,23.1,252,8.17,8.33
2023-09-18,"SFE-M-1S","SFE-M","1S",0.028,6.953,0.01542,0.04342,21.9,257,7.91,7.07
2023-09-18,"SFE-M-2","SFE-M","2",0.027,5.661,0.00757,0.03457,22.5,256,8.07,7.93
2023-09-18,"SFE-M-3","SFE-M","3",0.0235,5.2865,0.00646,0.02996,23.1,255,8.08,7.79
2023-09-18,"SFE-M-4","SFE-M","4",0.024,5.092,0.01027,0.03427,24.6,253,8.04,8.67
2023-09-24,"SFE-M-1S","SFE-M","1S",0.035,5.085,0.00687,0.04187,19.2,254,7.94,8.08
2023-09-24,"SFE-M-2","SFE-M","2",0.027,4.8365,0.00788,0.03488,19.1,252,8.1,8.83
2023-09-24,"SFE-M-3","SFE-M","3",0.027,5.603,0.007165,0.034165,19.2,252,8.15,8.82
2023-09-24,"SFE-M-4","SFE-M","4",0.0235,5.211,0.00794,0.03144,19.7,250,8.25,9.57
2024-06-19,"SFE-M-1S","SFE-M","1S",0.005,9.742,0.00463,0.00963,19.8,208,7.6,9.13
2024-06-19,"SFE-M-2","SFE-M","2",0.005,10.1,0.00304,0.00804,22.1,209,8.05,9.7
2024-06-19,"SFE-M-3","SFE-M","3",0.003,9.861,0.00533,0.00833,22.6,210,8.15,9.76
2024-06-19,"SFE-M-4","SFE-M","4",0.003,11.337,0.00649,0.00949,22,210,8.13,9.52
2024-07-02,"SFE-M-1S","SFE-M","1S",0.006,13.231,0.00826,0.01426,21.7,221,7.81,8.94
2024-07-02,"SFE-M-2","SFE-M","2",0.004,12.8395,0.00915,0.01315,22.7,219,7.75,9.04
2024-07-02,"SFE-M-3","SFE-M","3",0.005,13.879,0.011,0.016,24.5,222,7.91,9.28
2024-07-02,"SFE-M-4","SFE-M","4",0.008,13.637,0.00664,0.01464,25.8,237,8.06,9.32
2024-07-17,"SFE-M-1S","SFE-M","1S",0.007,15.126,0.00337,0.01037,25.6,235,8.06,9.57
2024-07-17,"SFE-M-2","SFE-M","2",0.008,14.748,0.0041,0.0121,22,234,8.02,8.46
2024-07-17,"SFE-M-3","SFE-M","3",0.0075,14.6025,0.00326,0.01076,23.2,236,7.93,8.81
2024-07-17,"SFE-M-4","SFE-M","4",0.005,15.291,0.00647,0.01147,25.4,235,8.05,9.47
2024-07-31,"SFE-M-1S","SFE-M","1S",0.015,14.957,0.00308,0.01808,23,245,7.9,8.39
2024-07-31,"SFE-M-2","SFE-M","2",0.008,13.402,0.00541,0.01341,23.9,242,7.83,8.34
2024-07-31,"SFE-M-3","SFE-M","3",0.01,14.857,0.00246,0.01246,25,243,7.98,9.14
2024-07-31,"SFE-M-4","SFE-M","4",0.009,14.7945,0.00092,0.00992,27.6,242,8.12,9.99
2024-08-14,"SFE-M-1S","SFE-M","1S",0.01,13.143,0.00319,0.01319,21.4,249,7.87,8.2
2024-08-14,"SFE-M-2","SFE-M","2",0.008,11.826,0.00668,0.01468,22.2,247,7.85,8.84
2024-08-14,"SFE-M-3","SFE-M","3",0.008,13.735,0.00661,0.01461,23.9,247,7.92,9
2024-08-14,"SFE-M-4","SFE-M","4",0.0035,10.8745,0.00306,0.00656,26,245,8.18,10.72
2024-08-26,"SFE-M-1S","SFE-M","1S",0.0015,8.76,0.0028,0.0043,20.2,248,7.92,8.15
2024-08-26,"SFE-M-2","SFE-M","2",0.005,8.103,0.00254,0.00754,20.2,247,8.02,8.66
2024-08-26,"SFE-M-3","SFE-M","3",0.005,8.41,0.00416,0.00916,21.1,246,8.13,8.98
2024-08-26,"SFE-M-4","SFE-M","4",0.004,8.521,0.00268,0.00668,23.9,246,8.18,10.44
2024-09-14,"SFE-M-1S","SFE-M","1S",0.006,9.977,0.00281,0.00881,22.6,260,8.24,10.14
2024-09-14,"SFE-M-2","SFE-M","2",0.005,8.366,0.00415,0.00915,20.2,261,7.95,8.64
2024-09-14,"SFE-M-3","SFE-M","3",0.004,9.848,0.00452,0.00852,19.5,262,8.21,9.2
2024-09-14,"SFE-M-4","SFE-M","4",0.0015,8.96,0.00095,0.00245,18.7,264,8.13,8.36
2024-09-27,"SFE-M-1S","SFE-M","1S",0.009,10.592,0.00253,0.01153,18.4,269,7.89,8.31
2024-09-27,"SFE-M-2","SFE-M","2",0.006,9.343,0.003,0.009,19.4,268,7.95,8.54
2024-09-27,"SFE-M-3","SFE-M","3",0.007,12.856,0.00217,0.00917,20.5,265,8.15,9.31
2024-09-27,"SFE-M-4","SFE-M","4",0.0015,10.522,0.0043,0.0058,21,265,8.2,10.01
2024-10-10,"SFE-M-1S","SFE-M","1S",0.01,10.544,0.00457,0.01457,17.4,273,7.93,8.93
2024-10-10,"SFE-M-2","SFE-M","2",0.0015,9.073,0.00328,0.00478,18.2,269,8.02,9.49
2024-10-10,"SFE-M-3","SFE-M","3",0.0015,10.323,0.00093,0.00243,19.3,268,8.31,10.6
2024-10-10,"SFE-M-4","SFE-M","4",0.0015,9.3285,0.00426,0.00576,19.9,266,8.23,10.49
