date,site,Mat,Species,percent_comp
6/19/24,1S,Microcoleus,M_other,6.19383872925642%
6/19/24,3,Microcoleus,M_other,6.12294921236681%
6/19/24,4,Microcoleus,M_other,8.49698438269714%
7/2/24,1S,Microcoleus,M_other,4.98585768953469%
7/2/24,2,Microcoleus,M_other,8.44347415624263%
7/2/24,3,Microcoleus,M_other,8.77563444051287%
7/2/24,4,Microcoleus,M_other,7.03707810000475%
7/17/24,1S,Microcoleus,M_other,10.40051597890560%
7/17/24,2,Microcoleus,M_other,15.08025208779610%
7/17/24,3,Microcoleus,M_other,8.46945992099770%
7/17/24,3,Microcoleus,M_other,10.06032909769370%
7/17/24,4,Microcoleus,M_other,11.14518976169460%
7/31/24,1S,Microcoleus,M_other,7.08219657222804%
7/31/24,2,Microcoleus,M_other,16.22495509188890%
7/31/24,3,Microcoleus,M_other,7.71705351073128%
7/31/24,3,Microcoleus,M_other,7.22822399665989%
7/31/24,4,Microcoleus,M_other,8.55564713197126%
8/14/24,1S,Microcoleus,M_other,18.84798840743050%
8/14/24,2,Microcoleus,M_other,12.55834889303810%
8/14/24,3,Microcoleus,M_other,13.30926371659570%
8/14/24,4,Microcoleus,M_other,15.25295306185890%
8/26/24,1S,Microcoleus,M_other,14.39237781136920%
8/26/24,2,Microcoleus,M_other,9.89903142101072%
8/26/24,3,Microcoleus,M_other,11.03126199513800%
8/26/24,4,Microcoleus,M_other,6.51107554086849%
9/14/24,1S,Microcoleus,M_other,10.65437612330480%
9/14/24,2,Microcoleus,M_other,6.75488749538915%
9/14/24,3,Microcoleus,M_other,15.50165990409440%
9/14/24,4,Microcoleus,M_other,11.57396743271260%
9/27/24,1S,Microcoleus,M_other,10.12563648439230%
9/27/24,2,Microcoleus,M_other,6.09523321504976%
9/27/24,4,Microcoleus,M_other,6.24755719912209%
10/10/24,1S,Microcoleus,M_other,7.67570063002389%
10/10/24,2,Microcoleus,M_other,9.03642998911581%
10/10/24,4,Microcoleus,M_other,9.02112518350792%
6/19/24,1S,Microcoleus,Bacteroidetes,1.57658657902918%
6/19/24,3,Microcoleus,Bacteroidetes,2.06059219556834%
6/19/24,4,Microcoleus,Bacteroidetes,1.14500259622682%
7/2/24,1S,Microcoleus,Bacteroidetes,0.47880502098238%
7/2/24,2,Microcoleus,Bacteroidetes,1.44264810007080%
7/2/24,3,Microcoleus,Bacteroidetes,3.54982307955713%
7/2/24,4,Microcoleus,Bacteroidetes,1.84519378494385%
7/17/24,1S,Microcoleus,Bacteroidetes,0.81190798376184%
7/17/24,2,Microcoleus,Bacteroidetes,1.29148427555804%
7/17/24,3,Microcoleus,Bacteroidetes,0.40191123454022%
7/17/24,3,Microcoleus,Bacteroidetes,0.66740091726530%
7/17/24,4,Microcoleus,Bacteroidetes,0.80097087378641%
7/31/24,1S,Microcoleus,Bacteroidetes,1.16264428121721%
7/31/24,2,Microcoleus,Bacteroidetes,0.00000000000000%
7/31/24,3,Microcoleus,Bacteroidetes,0.92866854423619%
7/31/24,3,Microcoleus,Bacteroidetes,0.78805907833620%
7/31/24,4,Microcoleus,Bacteroidetes,1.16109255483740%
8/14/24,1S,Microcoleus,Bacteroidetes,1.22567271117194%
8/14/24,2,Microcoleus,Bacteroidetes,0.58682315284076%
8/14/24,3,Microcoleus,Bacteroidetes,0.72671727457878%
8/14/24,4,Microcoleus,Bacteroidetes,0.58672676406590%
8/26/24,1S,Microcoleus,Bacteroidetes,0.49318247751668%
8/26/24,2,Microcoleus,Bacteroidetes,0.67055468489068%
8/26/24,3,Microcoleus,Bacteroidetes,0.66959525738901%
8/26/24,4,Microcoleus,Bacteroidetes,0.26720710486911%
9/14/24,1S,Microcoleus,Bacteroidetes,0.20832198681989%
9/14/24,2,Microcoleus,Bacteroidetes,1.36327308496250%
9/14/24,3,Microcoleus,Bacteroidetes,2.35844706750277%
9/14/24,4,Microcoleus,Bacteroidetes,1.50610415153180%
9/27/24,1S,Microcoleus,Bacteroidetes,2.13499003763560%
9/27/24,2,Microcoleus,Bacteroidetes,2.46217701541102%
9/27/24,4,Microcoleus,Bacteroidetes,0.94555184750910%
10/10/24,1S,Microcoleus,Bacteroidetes,2.33407560286770%
10/10/24,2,Microcoleus,Bacteroidetes,2.29336065048979%
10/10/24,4,Microcoleus,Bacteroidetes,0.14556221851751%
6/19/24,1S,Microcoleus,Bacteroidales,0.74018149250196%
6/19/24,3,Microcoleus,Bacteroidales,1.28766586051376%
6/19/24,4,Microcoleus,Bacteroidales,1.27414823789426%
7/2/24,1S,Microcoleus,Bacteroidales,0.15343944687852%
7/2/24,2,Microcoleus,Bacteroidales,0.41450318621666%
7/2/24,3,Microcoleus,Bacteroidales,0.83323821481566%
7/2/24,4,Microcoleus,Bacteroidales,0.49099577110094%
7/17/24,1S,Microcoleus,Bacteroidales,1.70222452670317%
7/17/24,2,Microcoleus,Bacteroidales,2.00397379777095%
7/17/24,3,Microcoleus,Bacteroidales,0.60545426319149%
7/17/24,3,Microcoleus,Bacteroidales,1.02082751138362%
7/17/24,4,Microcoleus,Bacteroidales,0.63768755516328%
7/31/24,1S,Microcoleus,Bacteroidales,1.21161245190626%
7/31/24,2,Microcoleus,Bacteroidales,0.00000000000000%
7/31/24,3,Microcoleus,Bacteroidales,0.68102359910654%
7/31/24,3,Microcoleus,Bacteroidales,0.82720108553833%
7/31/24,4,Microcoleus,Bacteroidales,0.76779594846658%
8/14/24,1S,Microcoleus,Bacteroidales,2.77336124137098%
8/14/24,2,Microcoleus,Bacteroidales,0.85356094958656%
8/14/24,3,Microcoleus,Bacteroidales,1.63241375054002%
8/14/24,4,Microcoleus,Bacteroidales,1.18705315511346%
8/26/24,1S,Microcoleus,Bacteroidales,1.40167651504741%
8/26/24,2,Microcoleus,Bacteroidales,1.09446856614341%
8/26/24,3,Microcoleus,Bacteroidales,1.11741374163006%
8/26/24,4,Microcoleus,Bacteroidales,1.05333815252750%
9/14/24,1S,Microcoleus,Bacteroidales,0.32541800555525%
9/14/24,2,Microcoleus,Bacteroidales,0.57942948481495%
9/14/24,3,Microcoleus,Bacteroidales,1.97574695684249%
9/14/24,4,Microcoleus,Bacteroidales,3.00334886687811%
9/27/24,1S,Microcoleus,Bacteroidales,1.15120655302192%
9/27/24,2,Microcoleus,Bacteroidales,0.56878594944979%
9/27/24,4,Microcoleus,Bacteroidales,0.43895252698355%
10/10/24,1S,Microcoleus,Bacteroidales,0.50103193569411%
10/10/24,2,Microcoleus,Bacteroidales,0.80030731801012%
10/10/24,4,Microcoleus,Bacteroidales,0.22020951006494%
6/19/24,1S,Microcoleus,Paludibacter,0.00000000000000%
6/19/24,3,Microcoleus,Paludibacter,0.00000000000000%
6/19/24,4,Microcoleus,Paludibacter,0.00399419510312%
7/2/24,1S,Microcoleus,Paludibacter,0.00000000000000%
7/2/24,2,Microcoleus,Paludibacter,0.00442530092046%
7/2/24,3,Microcoleus,Paludibacter,0.00000000000000%
7/2/24,4,Microcoleus,Paludibacter,0.00475157197840%
7/17/24,1S,Microcoleus,Paludibacter,0.00505861672126%
7/17/24,2,Microcoleus,Paludibacter,0.00000000000000%
7/17/24,3,Microcoleus,Paludibacter,0.00000000000000%
7/17/24,3,Microcoleus,Paludibacter,0.00000000000000%
7/17/24,4,Microcoleus,Paludibacter,0.02427184466019%
7/31/24,1S,Microcoleus,Paludibacter,0.03217908359566%
7/31/24,2,Microcoleus,Paludibacter,0.00000000000000%
7/31/24,3,Microcoleus,Paludibacter,0.02670680780810%
7/31/24,3,Microcoleus,Paludibacter,0.01304733573404%
7/31/24,4,Microcoleus,Paludibacter,0.08241877412918%
8/14/24,1S,Microcoleus,Paludibacter,0.45685994324471%
8/14/24,2,Microcoleus,Paludibacter,4.04274473192851%
8/14/24,3,Microcoleus,Paludibacter,0.30549898167006%
8/14/24,4,Microcoleus,Paludibacter,0.05051290021759%
8/26/24,1S,Microcoleus,Paludibacter,0.03817201838364%
8/26/24,2,Microcoleus,Paludibacter,0.00000000000000%
8/26/24,3,Microcoleus,Paludibacter,0.02558962767092%
8/26/24,4,Microcoleus,Paludibacter,0.00516342231631%
9/14/24,1S,Microcoleus,Paludibacter,0.01906214258483%
9/14/24,2,Microcoleus,Paludibacter,0.00000000000000%
9/14/24,3,Microcoleus,Paludibacter,0.01613795647363%
9/14/24,4,Microcoleus,Paludibacter,0.00000000000000%
9/27/24,1S,Microcoleus,Paludibacter,0.00000000000000%
9/27/24,2,Microcoleus,Paludibacter,0.00384314830709%
9/27/24,4,Microcoleus,Paludibacter,0.01352935870840%
10/10/24,1S,Microcoleus,Paludibacter,0.01493591136216%
10/10/24,2,Microcoleus,Paludibacter,0.01280491708816%
10/10/24,4,Microcoleus,Paludibacter,0.00497648610316%
6/19/24,1S,Microcoleus,Runella,0.00000000000000%
6/19/24,3,Microcoleus,Runella,0.00000000000000%
6/19/24,4,Microcoleus,Runella,0.00532559347082%
7/2/24,1S,Microcoleus,Runella,0.31612223393045%
7/2/24,2,Microcoleus,Runella,0.01032570214775%
7/2/24,3,Microcoleus,Runella,0.06658296237111%
7/2/24,4,Microcoleus,Runella,0.72382279804235%
7/17/24,1S,Microcoleus,Runella,0.08093786754012%
7/17/24,2,Microcoleus,Runella,0.01397038278849%
7/17/24,3,Microcoleus,Runella,0.05692305038552%
7/17/24,3,Microcoleus,Runella,0.03123304785232%
7/17/24,4,Microcoleus,Runella,0.00882612533098%
7/31/24,1S,Microcoleus,Runella,0.32738719832109%
7/31/24,2,Microcoleus,Runella,0.00000000000000%
7/31/24,3,Microcoleus,Runella,0.16631057589589%
7/31/24,3,Microcoleus,Runella,0.33140232764470%
7/31/24,4,Microcoleus,Runella,0.01301349065198%
8/14/24,1S,Microcoleus,Runella,1.86366655261940%
8/14/24,2,Microcoleus,Runella,1.72879434515871%
8/14/24,3,Microcoleus,Runella,2.09837684379436%
8/14/24,4,Microcoleus,Runella,0.83540565744482%
8/26/24,1S,Microcoleus,Runella,0.88711770723589%
8/26/24,2,Microcoleus,Runella,0.64229375947383%
8/26/24,3,Microcoleus,Runella,1.08116176909626%
8/26/24,4,Microcoleus,Runella,0.56023132131977%
9/14/24,1S,Microcoleus,Runella,1.78911823974729%
9/14/24,2,Microcoleus,Runella,2.39917619574573%
9/14/24,3,Microcoleus,Runella,2.72270379933604%
9/14/24,4,Microcoleus,Runella,0.65205450325141%
9/27/24,1S,Microcoleus,Runella,0.52440779278282%
9/27/24,2,Microcoleus,Runella,1.03252584517237%
9/27/24,4,Microcoleus,Runella,0.33823396770993%
10/10/24,1S,Microcoleus,Runella,2.68303280469259%
10/10/24,2,Microcoleus,Runella,1.73378577373712%
10/10/24,4,Microcoleus,Runella,1.87862350394387%
6/19/24,1S,Microcoleus,Flavobacterium,1.72166215155956%
6/19/24,3,Microcoleus,Flavobacterium,1.73867573043990%
6/19/24,4,Microcoleus,Flavobacterium,2.14488277037372%
7/2/24,1S,Microcoleus,Flavobacterium,0.82265727543305%
7/2/24,2,Microcoleus,Flavobacterium,2.44571630870899%
7/2/24,3,Microcoleus,Flavobacterium,2.17250694365179%
7/2/24,4,Microcoleus,Flavobacterium,1.33519172592933%
7/17/24,1S,Microcoleus,Flavobacterium,0.36169109556992%
7/17/24,2,Microcoleus,Flavobacterium,0.96550867715998%
7/17/24,3,Microcoleus,Flavobacterium,0.82624670105049%
7/17/24,3,Microcoleus,Flavobacterium,1.41041868722568%
7/17/24,4,Microcoleus,Flavobacterium,1.21138570167696%
7/31/24,1S,Microcoleus,Flavobacterium,0.22385449457852%
7/31/24,2,Microcoleus,Flavobacterium,0.00000000000000%
7/31/24,3,Microcoleus,Flavobacterium,0.75264640186462%
7/31/24,3,Microcoleus,Flavobacterium,0.43317154637023%
7/31/24,4,Microcoleus,Flavobacterium,0.77068783527813%
8/14/24,1S,Microcoleus,Flavobacterium,0.26163785295953%
8/14/24,2,Microcoleus,Flavobacterium,0.26840490797546%
8/14/24,3,Microcoleus,Flavobacterium,0.79460593717213%
8/14/24,4,Microcoleus,Flavobacterium,1.02968604289711%
8/26/24,1S,Microcoleus,Flavobacterium,1.51008504725696%
8/26/24,2,Microcoleus,Flavobacterium,1.43359967114560%
8/26/24,3,Microcoleus,Flavobacterium,0.80394080266132%
8/26/24,4,Microcoleus,Flavobacterium,0.19621004801983%
9/14/24,1S,Microcoleus,Flavobacterium,0.93812973149611%
9/14/24,2,Microcoleus,Flavobacterium,0.33966556006394%
9/14/24,3,Microcoleus,Flavobacterium,1.05818886019919%
9/14/24,4,Microcoleus,Flavobacterium,1.15349859134965%
9/27/24,1S,Microcoleus,Flavobacterium,0.74579366836396%
9/27/24,2,Microcoleus,Flavobacterium,0.27798772754641%
9/27/24,4,Microcoleus,Flavobacterium,0.48705691350230%
10/10/24,1S,Microcoleus,Flavobacterium,1.12969802302846%
10/10/24,2,Microcoleus,Flavobacterium,0.66457519687560%
10/10/24,4,Microcoleus,Flavobacterium,0.27121849262236%
6/19/24,1S,Microcoleus,Sphingobacteriaceae,0.01480362985004%
6/19/24,3,Microcoleus,Sphingobacteriaceae,0.00000000000000%
6/19/24,4,Microcoleus,Sphingobacteriaceae,0.00000000000000%
7/2/24,1S,Microcoleus,Sphingobacteriaceae,0.00924334017341%
7/2/24,2,Microcoleus,Sphingobacteriaceae,0.03835260797734%
7/2/24,3,Microcoleus,Sphingobacteriaceae,0.02473081459499%
7/2/24,4,Microcoleus,Sphingobacteriaceae,0.07760900898047%
7/17/24,1S,Microcoleus,Sphingobacteriaceae,0.54000733499425%
7/17/24,2,Microcoleus,Sphingobacteriaceae,0.50138151563131%
7/17/24,3,Microcoleus,Sphingobacteriaceae,0.14317009642420%
7/17/24,3,Microcoleus,Sphingobacteriaceae,0.17917906399487%
7/17/24,4,Microcoleus,Sphingobacteriaceae,0.33980582524272%
7/31/24,1S,Microcoleus,Sphingobacteriaceae,0.24064358167191%
7/31/24,2,Microcoleus,Sphingobacteriaceae,1.32789830040072%
7/31/24,3,Microcoleus,Sphingobacteriaceae,0.43580654559581%
7/31/24,3,Microcoleus,Sphingobacteriaceae,0.38098220343406%
7/31/24,4,Microcoleus,Sphingobacteriaceae,0.40486415361703%
8/14/24,1S,Microcoleus,Sphingobacteriaceae,1.05057660957595%
8/14/24,2,Microcoleus,Sphingobacteriaceae,0.85022672712723%
8/14/24,3,Microcoleus,Sphingobacteriaceae,1.33308646546936%
8/14/24,4,Microcoleus,Sphingobacteriaceae,1.01802921976997%
8/26/24,1S,Microcoleus,Sphingobacteriaceae,0.56189211060724%
8/26/24,2,Microcoleus,Sphingobacteriaceae,0.44703645659379%
8/26/24,3,Microcoleus,Sphingobacteriaceae,0.99799547916578%
8/26/24,4,Microcoleus,Sphingobacteriaceae,0.14844839159395%
9/14/24,1S,Microcoleus,Sphingobacteriaceae,0.05854800936768%
9/14/24,2,Microcoleus,Sphingobacteriaceae,1.17269150375015%
9/14/24,3,Microcoleus,Sphingobacteriaceae,1.16193286610107%
9/14/24,4,Microcoleus,Sphingobacteriaceae,0.60244166061272%
9/27/24,1S,Microcoleus,Sphingobacteriaceae,0.24352446313925%
9/27/24,2,Microcoleus,Sphingobacteriaceae,0.44068100588002%
9/27/24,4,Microcoleus,Sphingobacteriaceae,0.20594690478338%
10/10/24,1S,Microcoleus,Sphingobacteriaceae,0.30279165761460%
10/10/24,2,Microcoleus,Sphingobacteriaceae,0.37902554580959%
10/10/24,4,Microcoleus,Sphingobacteriaceae,0.01741770136107%
6/19/24,1S,Microcoleus,Chitinophagaceae,0.33012094565588%
6/19/24,3,Microcoleus,Chitinophagaceae,0.33335512124976%
6/19/24,4,Microcoleus,Chitinophagaceae,0.51658256666977%
7/2/24,1S,Microcoleus,Chitinophagaceae,0.66182315641580%
7/2/24,2,Microcoleus,Chitinophagaceae,0.50300920462592%
7/2/24,3,Microcoleus,Chitinophagaceae,0.61446562416771%
7/2/24,4,Microcoleus,Chitinophagaceae,0.41655447677273%
7/17/24,1S,Microcoleus,Chitinophagaceae,1.06230951146409%
7/17/24,2,Microcoleus,Chitinophagaceae,1.12228741734190%
7/17/24,3,Microcoleus,Chitinophagaceae,0.53645662636055%
7/17/24,3,Microcoleus,Chitinophagaceae,0.94849834793615%
7/17/24,4,Microcoleus,Chitinophagaceae,0.78773168578994%
7/31/24,1S,Microcoleus,Chitinophagaceae,4.15110178384050%
7/31/24,2,Microcoleus,Chitinophagaceae,1.28644465938925%
7/31/24,3,Microcoleus,Chitinophagaceae,1.27585704574148%
7/31/24,3,Microcoleus,Chitinophagaceae,1.34648504775325%
7/31/24,4,Microcoleus,Chitinophagaceae,1.46474067005017%
8/14/24,1S,Microcoleus,Chitinophagaceae,3.21412039366434%
8/14/24,2,Microcoleus,Chitinophagaceae,1.11363030141371%
8/14/24,3,Microcoleus,Chitinophagaceae,1.63704252298957%
8/14/24,4,Microcoleus,Chitinophagaceae,1.96806030463164%
8/26/24,1S,Microcoleus,Chitinophagaceae,0.98331119356267%
8/26/24,2,Microcoleus,Chitinophagaceae,0.73863782339491%
8/26/24,3,Microcoleus,Chitinophagaceae,0.92549153409818%
8/26/24,4,Microcoleus,Chitinophagaceae,0.55506789900346%
9/14/24,1S,Microcoleus,Chitinophagaceae,0.38260443330973%
9/14/24,2,Microcoleus,Chitinophagaceae,0.77923275544080%
9/14/24,3,Microcoleus,Chitinophagaceae,1.69218000737735%
9/14/24,4,Microcoleus,Chitinophagaceae,0.82392756524975%
9/27/24,1S,Microcoleus,Chitinophagaceae,0.21585122869161%
9/27/24,2,Microcoleus,Chitinophagaceae,0.20240581084024%
9/27/24,4,Microcoleus,Chitinophagaceae,0.10372508343105%
10/10/24,1S,Microcoleus,Chitinophagaceae,0.16293721485987%
10/10/24,2,Microcoleus,Chitinophagaceae,0.14213457967860%
10/10/24,4,Microcoleus,Chitinophagaceae,0.09579735748588%
6/19/24,1S,Microcoleus,Stramenopiles,1.74386759633462%
6/19/24,3,Microcoleus,Stramenopiles,2.79266618733251%
6/19/24,4,Microcoleus,Stramenopiles,1.90256826745130%
7/2/24,1S,Microcoleus,Stramenopiles,3.29802377387093%
7/2/24,2,Microcoleus,Stramenopiles,5.76911729997640%
7/2/24,3,Microcoleus,Stramenopiles,7.43446334132329%
7/2/24,4,Microcoleus,Stramenopiles,2.22848725786781%
7/17/24,1S,Microcoleus,Stramenopiles,2.89605807291996%
7/17/24,2,Microcoleus,Stramenopiles,5.09298065878116%
7/17/24,3,Microcoleus,Stramenopiles,2.20102461490694%
7/17/24,3,Microcoleus,Stramenopiles,4.89372544507093%
7/17/24,4,Microcoleus,Stramenopiles,3.90997352162401%
7/31/24,1S,Microcoleus,Stramenopiles,1.07030430220357%
7/31/24,2,Microcoleus,Stramenopiles,1.45087743540141%
7/31/24,3,Microcoleus,Stramenopiles,2.00058269398854%
7/31/24,3,Microcoleus,Stramenopiles,1.43259746359793%
7/31/24,4,Microcoleus,Stramenopiles,1.22326812128573%
8/14/24,1S,Microcoleus,Stramenopiles,2.07901463159378%
8/14/24,2,Microcoleus,Stramenopiles,1.13530274739931%
8/14/24,3,Microcoleus,Stramenopiles,2.44862062581004%
8/14/24,4,Microcoleus,Stramenopiles,1.38327634442027%
8/26/24,1S,Microcoleus,Stramenopiles,9.71248835753439%
8/26/24,2,Microcoleus,Stramenopiles,3.29882074865761%
8/26/24,3,Microcoleus,Stramenopiles,5.06887874781422%
8/26/24,4,Microcoleus,Stramenopiles,0.78871275881654%
9/14/24,1S,Microcoleus,Stramenopiles,0.06671749904689%
9/14/24,2,Microcoleus,Stramenopiles,1.22802164023116%
9/14/24,3,Microcoleus,Stramenopiles,2.77803393581704%
9/14/24,4,Microcoleus,Stramenopiles,4.88332122543721%
9/27/24,1S,Microcoleus,Stramenopiles,8.13039628071729%
9/27/24,2,Microcoleus,Stramenopiles,3.07579969511023%
9/27/24,4,Microcoleus,Stramenopiles,3.67697904452662%
10/10/24,1S,Microcoleus,Stramenopiles,2.14805561590267%
10/10/24,2,Microcoleus,Stramenopiles,3.44068122158909%
10/10/24,4,Microcoleus,Stramenopiles,0.28988031550922%
6/19/24,1S,Microcoleus,Phormidium,83.32815206288580%
6/19/24,3,Microcoleus,Phormidium,80.09183606771680%
6/19/24,4,Microcoleus,Phormidium,77.71505412134370%
7/2/24,1S,Microcoleus,Phormidium,81.76473850590650%
7/2/24,2,Microcoleus,Phormidium,74.16951852725990%
7/2/24,3,Microcoleus,Phormidium,68.48913746528170%
7/2/24,4,Microcoleus,Phormidium,79.49696691322050%
7/17/24,1S,Microcoleus,Phormidium,76.06768429173040%
7/17/24,2,Microcoleus,Phormidium,64.66114060414140%
7/17/24,3,Microcoleus,Phormidium,79.67847101236780%
7/17/24,3,Microcoleus,Phormidium,72.39656107704700%
7/17/24,4,Microcoleus,Phormidium,73.30979699911740%
7/31/24,1S,Microcoleus,Phormidium,82.98146204966770%
7/31/24,2,Microcoleus,Phormidium,76.48196766616000%
7/31/24,3,Microcoleus,Phormidium,81.97169078372340%
7/31/24,3,Microcoleus,Phormidium,83.99352852147590%
7/31/24,4,Microcoleus,Phormidium,80.02284590581120%
8/14/24,1S,Microcoleus,Phormidium,61.71433171654560%
8/14/24,2,Microcoleus,Phormidium,71.50906908508940%
8/14/24,3,Microcoleus,Phormidium,69.21249151391720%
8/14/24,4,Microcoleus,Phormidium,65.31317998134910%
8/26/24,1S,Microcoleus,Phormidium,62.43262638755290%
8/26/24,2,Microcoleus,Phormidium,75.35518844898900%
8/26/24,3,Microcoleus,Phormidium,73.51047042265530%
8/26/24,4,Microcoleus,Phormidium,83.44735890948520%
9/14/24,1S,Microcoleus,Phormidium,74.77942377866130%
9/14/24,2,Microcoleus,Phormidium,81.14164514939140%
9/14/24,3,Microcoleus,Phormidium,56.60042419771300%
9/14/24,4,Microcoleus,Phormidium,68.39839112638870%
9/27/24,1S,Microcoleus,Phormidium,72.49972326765550%
9/27/24,2,Microcoleus,Phormidium,82.38044606141350%
9/27/24,4,Microcoleus,Phormidium,84.59156369321430%
10/10/24,1S,Microcoleus,Phormidium,73.66798826852050%
10/10/24,2,Microcoleus,Phormidium,75.14309494846020%
10/10/24,4,Microcoleus,Phormidium,77.99397845181520%
6/19/24,1S,Microcoleus,Rhodobacter,1.94667732528016%
6/19/24,3,Microcoleus,Rhodobacter,2.72403425060461%
6/19/24,4,Microcoleus,Rhodobacter,3.55616504014166%
7/2/24,1S,Microcoleus,Rhodobacter,6.51470615421589%
7/2/24,2,Microcoleus,Rhodobacter,2.99445362284635%
7/2/24,3,Microcoleus,Rhodobacter,4.28223566563939%
7/2/24,4,Microcoleus,Rhodobacter,3.83610244389185%
7/17/24,1S,Microcoleus,Rhodobacter,4.81074450191595%
7/17/24,2,Microcoleus,Rhodobacter,7.06590916146658%
7/17/24,3,Microcoleus,Rhodobacter,4.98335432011454%
7/17/24,3,Microcoleus,Rhodobacter,5.72715466934065%
7/17/24,4,Microcoleus,Rhodobacter,4.56972639011474%
7/31/24,1S,Microcoleus,Rhodobacter,1.14585519412382%
7/31/24,2,Microcoleus,Rhodobacter,3.22785684675971%
7/31/24,3,Microcoleus,Rhodobacter,2.80664271146936%
7/31/24,3,Microcoleus,Rhodobacter,2.25197014769584%
7/31/24,4,Microcoleus,Rhodobacter,3.49918304197574%
8/14/24,1S,Microcoleus,Rhodobacter,5.53665948839737%
8/14/24,2,Microcoleus,Rhodobacter,4.52453987730061%
8/14/24,3,Microcoleus,Rhodobacter,5.00524594210949%
8/14/24,4,Microcoleus,Rhodobacter,9.32351569785514%
8/26/24,1S,Microcoleus,Rhodobacter,4.20350266440688%
8/26/24,2,Microcoleus,Rhodobacter,4.05415820979883%
8/26/24,3,Microcoleus,Rhodobacter,2.97479421674415%
8/26/24,4,Microcoleus,Rhodobacter,5.40610316517788%
9/14/24,1S,Microcoleus,Rhodobacter,6.84603235117913%
9/14/24,2,Microcoleus,Rhodobacter,3.16150252059511%
9/14/24,3,Microcoleus,Rhodobacter,10.96458871265220%
9/14/24,4,Microcoleus,Rhodobacter,5.45209702854510%
9/27/24,1S,Microcoleus,Rhodobacter,2.91260792561435%
9/27/24,2,Microcoleus,Rhodobacter,2.74913208900731%
9/27/24,4,Microcoleus,Rhodobacter,2.26391269053847%
10/10/24,1S,Microcoleus,Rhodobacter,6.31245926569629%
10/10/24,2,Microcoleus,Rhodobacter,4.43178180421282%
10/10/24,4,Microcoleus,Rhodobacter,7.57421184901341%
6/19/24,1S,Microcoleus,Sphingomonadales,1.20057438083818%
6/19/24,3,Microcoleus,Sphingomonadales,1.30890907902477%
6/19/24,4,Microcoleus,Sphingomonadales,1.48983477346257%
7/2/24,1S,Microcoleus,Sphingomonadales,0.57308709075111%
7/2/24,2,Microcoleus,Sphingomonadales,0.69182204389899%
7/2/24,3,Microcoleus,Sphingomonadales,0.51363999543431%
7/2/24,4,Microcoleus,Sphingomonadales,0.65888464767094%
7/17/24,1S,Microcoleus,Sphingomonadales,0.82455452556498%
7/17/24,2,Microcoleus,Sphingomonadales,1.39393374934029%
7/17/24,3,Microcoleus,Sphingomonadales,1.55589671053766%
7/17/24,3,Microcoleus,Sphingomonadales,1.84110597866290%
7/17/24,4,Microcoleus,Sphingomonadales,1.86231244483672%
7/31/24,1S,Microcoleus,Sphingomonadales,0.13431269674711%
7/31/24,2,Microcoleus,Sphingomonadales,0.00000000000000%
7/31/24,3,Microcoleus,Sphingomonadales,0.47708070311741%
7/31/24,3,Microcoleus,Sphingomonadales,0.32357392620427%
7/31/24,4,Microcoleus,Sphingomonadales,0.84732283578421%
8/14/24,1S,Microcoleus,Sphingomonadales,0.23346146879466%
8/14/24,2,Microcoleus,Sphingomonadales,0.24006401707122%
8/14/24,3,Microcoleus,Sphingomonadales,0.41967536875887%
8/14/24,4,Microcoleus,Sphingomonadales,0.66249611439229%
8/26/24,1S,Microcoleus,Sphingomonadales,0.36645137648298%
8/26/24,2,Microcoleus,Sphingomonadales,0.44832104411274%
8/26/24,3,Microcoleus,Sphingomonadales,0.29001578027040%
8/26/24,4,Microcoleus,Sphingomonadales,0.35627613982548%
9/14/24,1S,Microcoleus,Sphingomonadales,1.49365502968248%
9/14/24,2,Microcoleus,Sphingomonadales,0.35964588712652%
9/14/24,3,Microcoleus,Sphingomonadales,1.15501659904094%
9/14/24,4,Microcoleus,Sphingomonadales,0.34020234952248%
9/27/24,1S,Microcoleus,Sphingomonadales,0.20893292007970%
9/27/24,2,Microcoleus,Sphingomonadales,0.15500698171943%
9/27/24,4,Microcoleus,Sphingomonadales,0.05862722106972%
10/10/24,1S,Microcoleus,Sphingomonadales,0.75358461872692%
10/10/24,2,Microcoleus,Sphingomonadales,0.48786734105897%
10/10/24,4,Microcoleus,Sphingomonadales,0.68302271765906%
6/19/24,1S,Microcoleus,Comamonadaceae,1.20353510680819%
6/19/24,3,Microcoleus,Comamonadaceae,1.53931629518269%
6/19/24,4,Microcoleus,Comamonadaceae,1.74945745516516%
7/2/24,1S,Microcoleus,Comamonadaceae,0.42149631190727%
7/2/24,2,Microcoleus,Comamonadaceae,3.07263393910786%
7/2/24,3,Microcoleus,Comamonadaceae,3.24354145265000%
7/2/24,4,Microcoleus,Comamonadaceae,1.84836149959612%
7/17/24,1S,Microcoleus,Comamonadaceae,0.43630569220847%
7/17/24,2,Microcoleus,Comamonadaceae,0.80717767222377%
7/17/24,3,Microcoleus,Comamonadaceae,0.54163144912287%
7/17/24,3,Microcoleus,Comamonadaceae,0.82356615652689%
7/17/24,4,Microcoleus,Comamonadaceae,1.39232127096205%
7/31/24,1S,Microcoleus,Comamonadaceae,0.23644630989857%
7/31/24,2,Microcoleus,Comamonadaceae,0.00000000000000%
7/31/24,3,Microcoleus,Comamonadaceae,0.75993007672138%
7/31/24,3,Microcoleus,Comamonadaceae,0.64975731955535%
7/31/24,4,Microcoleus,Comamonadaceae,1.18711953614136%
8/14/24,1S,Microcoleus,Comamonadaceae,0.74264898263127%
8/14/24,2,Microcoleus,Comamonadaceae,0.58849026407042%
8/14/24,3,Microcoleus,Comamonadaceae,1.07696105659446%
8/14/24,4,Microcoleus,Comamonadaceae,1.38910475598384%
8/26/24,1S,Microcoleus,Comamonadaceae,3.01711633304323%
8/26/24,2,Microcoleus,Comamonadaceae,1.91788916578887%
8/26/24,3,Microcoleus,Comamonadaceae,1.50339062566640%
8/26/24,4,Microcoleus,Comamonadaceae,0.70480714617649%
9/14/24,1S,Microcoleus,Comamonadaceae,2.43859266924459%
9/14/24,2,Microcoleus,Comamonadaceae,0.72082872248863%
9/14/24,3,Microcoleus,Comamonadaceae,2.01493913684987%
9/14/24,4,Microcoleus,Comamonadaceae,1.61064549852047%
9/27/24,1S,Microcoleus,Comamonadaceae,1.10692937790569%
9/27/24,2,Microcoleus,Comamonadaceae,0.55597545509281%
9/27/24,4,Microcoleus,Comamonadaceae,0.62836354890112%
10/10/24,1S,Microcoleus,Comamonadaceae,2.31370845101021%
10/10/24,2,Microcoleus,Comamonadaceae,1.43415071387413%
10/10/24,4,Microcoleus,Comamonadaceae,1.80397621239643%
7/17/24,1S,Anabaena,A_other,28.58739109939420%
7/31/24,1S,Anabaena,A_other,26.48413281487990%
7/31/24,2,Anabaena,A_other,19.07475159439410%
7/31/24,3,Anabaena,A_other,25.79506648606370%
7/31/24,3,Anabaena,A_other,22.26148409893990%
7/31/24,4,Anabaena,A_other,24.80342961002010%
8/14/24,1S,Anabaena,A_other,30.01925629568700%
8/14/24,2,Anabaena,A_other,25.93690248565970%
8/14/24,3,Anabaena,A_other,31.15800840395320%
8/14/24,4,Anabaena,A_other,20.01367181431190%
8/26/24,1S,Anabaena,A_other,35.52778741949170%
8/26/24,2,Anabaena,A_other,24.79897798151350%
8/26/24,3,Anabaena,A_other,25.38496099334230%
8/26/24,4,Anabaena,A_other,29.21359767595940%
9/14/24,1S,Anabaena,A_other,28.28670999340680%
9/14/24,2,Anabaena,A_other,29.82653061224490%
9/14/24,3,Anabaena,A_other,52.44325503023090%
9/14/24,4,Anabaena,A_other,37.24831397755220%
9/27/24,3,Anabaena,A_other,26.27099788630550%
9/27/24,4,Anabaena,A_other,35.06206940343520%
10/10/24,3,Anabaena,A_other,29.21220969322090%
10/10/24,4,Anabaena,A_other,28.61079015198650%
7/17/24,1S,Anabaena,Flavobacterium,0.59535241021702%
7/31/24,1S,Anabaena,Flavobacterium,0.33508341247514%
7/31/24,2,Anabaena,Flavobacterium,0.13994682020832%
7/31/24,3,Anabaena,Flavobacterium,0.57805673731805%
7/31/24,3,Anabaena,Flavobacterium,0.23803539482827%
7/31/24,4,Anabaena,Flavobacterium,0.38523845272433%
8/14/24,1S,Anabaena,Flavobacterium,0.73473050533755%
8/14/24,2,Anabaena,Flavobacterium,0.51625239005736%
8/14/24,3,Anabaena,Flavobacterium,0.32864621235240%
8/14/24,4,Anabaena,Flavobacterium,0.10253860733928%
8/26/24,1S,Anabaena,Flavobacterium,0.51293918006865%
8/26/24,2,Anabaena,Flavobacterium,0.59216953483129%
8/26/24,3,Anabaena,Flavobacterium,0.92104725728056%
8/26/24,4,Anabaena,Flavobacterium,0.49946485907956%
9/14/24,1S,Anabaena,Flavobacterium,0.46340774230009%
9/14/24,2,Anabaena,Flavobacterium,2.48469387755102%
9/14/24,3,Anabaena,Flavobacterium,0.40390524333433%
9/14/24,4,Anabaena,Flavobacterium,0.29703211355392%
9/27/24,3,Anabaena,Flavobacterium,1.03459784180665%
9/27/24,4,Anabaena,Flavobacterium,3.03203479696479%
10/10/24,3,Anabaena,Flavobacterium,2.40505599631174%
10/10/24,4,Anabaena,Flavobacterium,3.13898023879359%
7/17/24,1S,Anabaena,Cyanobacteria,3.47958168200150%
7/31/24,1S,Anabaena,Cyanobacteria,3.93678212410630%
7/31/24,2,Anabaena,Cyanobacteria,0.47581918870829%
7/31/24,3,Anabaena,Cyanobacteria,1.35833794379686%
7/31/24,3,Anabaena,Cyanobacteria,0.17150376273342%
7/31/24,4,Anabaena,Cyanobacteria,1.30388399383618%
8/14/24,1S,Anabaena,Cyanobacteria,2.94453065116192%
8/14/24,2,Anabaena,Cyanobacteria,4.15105162523901%
8/14/24,3,Anabaena,Cyanobacteria,0.17606047090307%
8/14/24,4,Anabaena,Cyanobacteria,0.91041854395178%
8/26/24,1S,Anabaena,Cyanobacteria,0.65563654595241%
8/26/24,2,Anabaena,Cyanobacteria,0.25700758999023%
8/26/24,3,Anabaena,Cyanobacteria,0.58816321529224%
8/26/24,4,Anabaena,Cyanobacteria,1.02441261913256%
9/14/24,1S,Anabaena,Cyanobacteria,0.01318639917114%
9/14/24,2,Anabaena,Cyanobacteria,0.04081632653061%
9/14/24,3,Anabaena,Cyanobacteria,0.02725740905937%
9/14/24,4,Anabaena,Cyanobacteria,0.02921627346432%
9/27/24,3,Anabaena,Cyanobacteria,0.70920013349650%
9/27/24,4,Anabaena,Cyanobacteria,1.17312759945392%
10/10/24,3,Anabaena,Cyanobacteria,0.65313022264057%
10/10/24,4,Anabaena,Cyanobacteria,1.76725031849021%
7/17/24,1S,Anabaena,Stramenopiles,4.65631929046563%
7/31/24,1S,Anabaena,Stramenopiles,4.90081889368717%
7/31/24,2,Anabaena,Stramenopiles,1.32549631140167%
7/31/24,3,Anabaena,Stramenopiles,10.11503901406030%
7/31/24,3,Anabaena,Stramenopiles,5.10815086417198%
7/31/24,4,Anabaena,Stramenopiles,1.31376190288040%
8/14/24,1S,Anabaena,Stramenopiles,5.19919983548019%
8/14/24,2,Anabaena,Stramenopiles,8.37858508604206%
8/14/24,3,Anabaena,Stramenopiles,2.05873377309327%
8/14/24,4,Anabaena,Stramenopiles,0.52822918932356%
8/26/24,1S,Anabaena,Stramenopiles,14.76339234062250%
8/26/24,2,Anabaena,Stramenopiles,17.34575787179680%
8/26/24,3,Anabaena,Stramenopiles,25.63411346648700%
8/26/24,4,Anabaena,Stramenopiles,6.97466999643239%
9/14/24,1S,Anabaena,Stramenopiles,45.76622398040880%
9/14/24,2,Anabaena,Stramenopiles,12.86054421768710%
9/14/24,3,Anabaena,Stramenopiles,23.08950341956590%
9/14/24,4,Anabaena,Stramenopiles,7.83970004625910%
9/27/24,3,Anabaena,Stramenopiles,8.57436867282234%
9/27/24,4,Anabaena,Stramenopiles,7.46420293996254%
10/10/24,3,Anabaena,Stramenopiles,11.79092148990530%
10/10/24,4,Anabaena,Stramenopiles,2.11240482327497%
7/17/24,1S,Anabaena,Streptophyta,0.01222131047366%
7/31/24,1S,Anabaena,Streptophyta,0.03404590821940%
7/31/24,2,Anabaena,Streptophyta,0.00000000000000%
7/31/24,3,Anabaena,Streptophyta,0.48457561478146%
7/31/24,3,Anabaena,Streptophyta,0.03104809497760%
7/31/24,4,Anabaena,Streptophyta,0.00000000000000%
8/14/24,1S,Anabaena,Streptophyta,0.05234721157621%
8/14/24,2,Anabaena,Streptophyta,0.02485659655832%
8/14/24,3,Anabaena,Streptophyta,0.01408483767225%
8/14/24,4,Anabaena,Streptophyta,0.02485784420346%
8/26/24,1S,Anabaena,Streptophyta,0.05785028346639%
8/26/24,2,Anabaena,Streptophyta,0.02555046216277%
8/26/24,3,Anabaena,Streptophyta,0.30633500796471%
8/26/24,4,Anabaena,Streptophyta,0.15034911574334%
9/14/24,1S,Anabaena,Streptophyta,1.71799943486861%
9/14/24,2,Anabaena,Streptophyta,0.21768707482993%
9/14/24,3,Anabaena,Streptophyta,0.00000000000000%
9/14/24,4,Anabaena,Streptophyta,50.33476980011200%
9/27/24,3,Anabaena,Streptophyta,0.00000000000000%
9/27/24,4,Anabaena,Streptophyta,0.01904943327936%
10/10/24,3,Anabaena,Streptophyta,0.07683884972242%
10/10/24,4,Anabaena,Streptophyta,0.03999644476047%
7/17/24,1S,Anabaena,Nostocaceae,54.02692180107200%
7/31/24,1S,Anabaena,Nostocaceae,33.99035963230420%
7/31/24,2,Anabaena,Nostocaceae,1.14756392570823%
7/31/24,3,Anabaena,Nostocaceae,6.65623748020680%
7/31/24,3,Anabaena,Nostocaceae,1.46073894466047%
7/31/24,4,Anabaena,Nostocaceae,8.67082855901063%
8/14/24,1S,Anabaena,Nostocaceae,5.28706836919740%
8/14/24,2,Anabaena,Nostocaceae,32.98279158699810%
8/14/24,3,Anabaena,Nostocaceae,3.97427169651870%
8/14/24,4,Anabaena,Nostocaceae,0.22682782835659%
8/26/24,1S,Anabaena,Nostocaceae,13.77993752169390%
8/26/24,2,Anabaena,Nostocaceae,4.16021642744420%
8/26/24,3,Anabaena,Nostocaceae,13.87697586080140%
8/26/24,4,Anabaena,Nostocaceae,12.91983079353750%
9/14/24,1S,Anabaena,Nostocaceae,0.13751530564190%
9/14/24,2,Anabaena,Nostocaceae,0.08673469387755%
9/14/24,3,Anabaena,Nostocaceae,2.38874021211220%
9/14/24,4,Anabaena,Nostocaceae,0.82292503591167%
9/27/24,3,Anabaena,Nostocaceae,51.96351095783740%
9/27/24,4,Anabaena,Nostocaceae,43.02949487252750%
10/10/24,3,Anabaena,Nostocaceae,42.52069846514400%
10/10/24,4,Anabaena,Nostocaceae,52.60421295884810%
7/17/24,1S,Anabaena,Cylindrospermopsis,0.21649178553346%
7/31/24,1S,Anabaena,Cylindrospermopsis,22.92006379128070%
7/31/24,2,Anabaena,Cylindrospermopsis,71.56680461424660%
7/31/24,3,Anabaena,Cylindrospermopsis,45.61497224182990%
7/31/24,3,Anabaena,Cylindrospermopsis,65.15073110871270%
7/31/24,4,Anabaena,Cylindrospermopsis,56.76241653166860%
8/14/24,1S,Anabaena,Cylindrospermopsis,45.64863803772740%
8/14/24,2,Anabaena,Cylindrospermopsis,20.65583173996180%
8/14/24,3,Anabaena,Cylindrospermopsis,52.35568910068310%
8/14/24,4,Anabaena,Cylindrospermopsis,67.56051331448280%
8/26/24,1S,Anabaena,Cylindrospermopsis,2.77295692082225%
8/26/24,2,Anabaena,Cylindrospermopsis,4.40820620725934%
8/26/24,3,Anabaena,Cylindrospermopsis,21.44549279091610%
8/26/24,4,Anabaena,Cylindrospermopsis,36.32077875745370%
9/14/24,1S,Anabaena,Cylindrospermopsis,0.17330696053499%
9/14/24,2,Anabaena,Cylindrospermopsis,0.01530612244898%
9/14/24,3,Anabaena,Cylindrospermopsis,0.69630290415304%
9/14/24,4,Anabaena,Cylindrospermopsis,0.28485866627712%
9/27/24,3,Anabaena,Cylindrospermopsis,0.00000000000000%
9/27/24,4,Anabaena,Cylindrospermopsis,0.00000000000000%
10/10/24,3,Anabaena,Cylindrospermopsis,0.31503928386192%
10/10/24,4,Anabaena,Cylindrospermopsis,0.00592539922377%
7/17/24,1S,Anabaena,Trichormus,0.00000000000000%
7/31/24,1S,Anabaena,Trichormus,0.00000000000000%
7/31/24,2,Anabaena,Trichormus,0.07996961154761%
7/31/24,3,Anabaena,Trichormus,0.05151000629567%
7/31/24,3,Anabaena,Trichormus,0.00000000000000%
7/31/24,4,Anabaena,Trichormus,0.00000000000000%
8/14/24,1S,Anabaena,Trichormus,0.07665127409374%
8/14/24,2,Anabaena,Trichormus,0.00000000000000%
8/14/24,3,Anabaena,Trichormus,0.00000000000000%
8/14/24,4,Anabaena,Trichormus,0.00000000000000%
8/26/24,1S,Anabaena,Trichormus,5.62304755293301%
8/26/24,2,Anabaena,Trichormus,0.24197790636507%
8/26/24,3,Anabaena,Trichormus,0.77196422007107%
8/26/24,4,Anabaena,Trichormus,0.00000000000000%
9/14/24,1S,Anabaena,Trichormus,0.00376754262033%
9/14/24,2,Anabaena,Trichormus,0.00000000000000%
9/14/24,3,Anabaena,Trichormus,0.01238973139062%
9/14/24,4,Anabaena,Trichormus,0.00000000000000%
9/27/24,3,Anabaena,Trichormus,0.00000000000000%
9/27/24,4,Anabaena,Trichormus,0.00000000000000%
10/10/24,3,Anabaena,Trichormus,0.00000000000000%
10/10/24,4,Anabaena,Trichormus,0.00000000000000%
7/17/24,1S,Anabaena,Phormidium,0.03666393142099%
7/31/24,1S,Anabaena,Phormidium,0.24369702725465%
7/31/24,2,Anabaena,Phormidium,0.29788680301485%
7/31/24,3,Anabaena,Phormidium,1.33544460766545%
7/31/24,3,Anabaena,Phormidium,0.23359995268862%
7/31/24,4,Anabaena,Phormidium,0.49982219763720%
8/14/24,1S,Anabaena,Phormidium,0.91046757277197%
8/14/24,2,Anabaena,Phormidium,0.26003824091778%
8/14/24,3,Anabaena,Phormidium,0.45306227845724%
8/14/24,4,Anabaena,Phormidium,0.36976043252649%
8/26/24,1S,Anabaena,Phormidium,5.27208916657025%
8/26/24,2,Anabaena,Phormidium,36.04418726985800%
8/26/24,3,Anabaena,Phormidium,1.54597067352857%
8/26/24,4,Anabaena,Phormidium,0.33127771265481%
9/14/24,1S,Anabaena,Phormidium,1.00781765093718%
9/14/24,2,Anabaena,Phormidium,46.34013605442180%
9/14/24,3,Anabaena,Phormidium,0.10655168995936%
9/14/24,4,Anabaena,Phormidium,0.05599785747328%
9/27/24,3,Anabaena,Phormidium,0.10846590277005%
9/27/24,4,Anabaena,Phormidium,0.10318443026320%
10/10/24,3,Anabaena,Phormidium,0.00000000000000%
10/10/24,4,Anabaena,Phormidium,0.04740319379018%
7/17/24,1S,Anabaena,Synechococcus,0.53075405485623%
7/31/24,1S,Anabaena,Synechococcus,0.16664576128443%
7/31/24,2,Anabaena,Synechococcus,0.08996581299106%
7/31/24,3,Anabaena,Synechococcus,0.41017227235439%
7/31/24,3,Anabaena,Synechococcus,0.08723036207993%
7/31/24,4,Anabaena,Synechococcus,0.09482792682445%
8/14/24,1S,Anabaena,Synechococcus,0.40382134644506%
8/14/24,2,Anabaena,Synechococcus,0.00000000000000%
8/14/24,3,Anabaena,Synechococcus,0.09859386370572%
8/14/24,4,Anabaena,Synechococcus,0.37286766305192%
8/26/24,1S,Anabaena,Synechococcus,1.39226348875776%
8/26/24,2,Anabaena,Synechococcus,0.49297362290524%
8/26/24,3,Anabaena,Synechococcus,0.26549034023608%
8/26/24,4,Anabaena,Synechococcus,0.71606951735386%
9/14/24,1S,Anabaena,Synechococcus,0.74974098144485%
9/14/24,2,Anabaena,Synechococcus,0.19387755102041%
9/14/24,3,Anabaena,Synechococcus,2.55724055902468%
9/14/24,4,Anabaena,Synechococcus,0.04382441019648%
9/27/24,3,Anabaena,Synechococcus,0.59239069974413%
9/27/24,4,Anabaena,Synechococcus,1.38902117662000%
10/10/24,3,Anabaena,Synechococcus,0.82409666327295%
10/10/24,4,Anabaena,Synechococcus,1.34802832340829%
7/17/24,1S,Anabaena,Rhodobacter,3.31022923686646%
7/31/24,1S,Anabaena,Rhodobacter,2.96736968480657%
7/31/24,2,Anabaena,Rhodobacter,1.92326915772007%
7/31/24,3,Anabaena,Rhodobacter,4.02731938111681%
7/31/24,3,Anabaena,Rhodobacter,3.08411076777503%
7/31/24,4,Anabaena,Rhodobacter,2.05658066300526%
8/14/24,1S,Anabaena,Rhodobacter,3.81199872871058%
8/14/24,2,Anabaena,Rhodobacter,2.68642447418738%
8/14/24,3,Anabaena,Rhodobacter,4.21606140989225%
8/14/24,4,Anabaena,Rhodobacter,2.22477705620980%
8/26/24,1S,Anabaena,Rhodobacter,8.66982914882950%
8/26/24,2,Anabaena,Rhodobacter,7.30142030510258%
8/26/24,3,Anabaena,Rhodobacter,5.09945676591921%
8/26/24,4,Anabaena,Rhodobacter,4.09000560623821%
9/14/24,1S,Anabaena,Rhodobacter,5.80013186399171%
9/14/24,2,Anabaena,Rhodobacter,7.16156462585034%
9/14/24,3,Anabaena,Rhodobacter,16.51551194370110%
9/14/24,4,Anabaena,Rhodobacter,1.55576656197502%
9/27/24,3,Anabaena,Rhodobacter,8.00422738903104%
9/27/24,4,Anabaena,Rhodobacter,5.16874622979966%
10/10/24,3,Anabaena,Rhodobacter,6.80215917167720%
10/10/24,4,Anabaena,Rhodobacter,7.13714336503422%
7/17/24,1S,Anabaena,Rhodospirillaceae,0.17633605112000%
7/31/24,1S,Anabaena,Rhodospirillaceae,0.95328543014317%
7/31/24,2,Anabaena,Rhodospirillaceae,2.92888702293129%
7/31/24,3,Anabaena,Rhodospirillaceae,1.68266020565847%
7/31/24,3,Anabaena,Rhodospirillaceae,1.30254150834602%
7/31/24,4,Anabaena,Rhodospirillaceae,2.34106444347860%
8/14/24,1S,Anabaena,Rhodospirillaceae,1.37224476060498%
8/14/24,2,Anabaena,Rhodospirillaceae,0.94455066921606%
8/14/24,3,Anabaena,Rhodospirillaceae,1.69487546656025%
8/14/24,4,Anabaena,Rhodospirillaceae,3.87160923468912%
8/26/24,1S,Anabaena,Rhodospirillaceae,2.98121794130125%
8/26/24,2,Anabaena,Rhodospirillaceae,1.01901254978583%
8/26/24,3,Anabaena,Rhodospirillaceae,1.68892701057877%
8/26/24,4,Anabaena,Rhodospirillaceae,4.10274705672494%
9/14/24,1S,Anabaena,Rhodospirillaceae,0.07346708109635%
9/14/24,2,Anabaena,Rhodospirillaceae,0.05102040816327%
9/14/24,3,Anabaena,Rhodospirillaceae,0.33204480126871%
9/14/24,4,Anabaena,Rhodospirillaceae,1.06882867090303%
9/27/24,3,Anabaena,Rhodospirillaceae,0.82322839025476%
9/27/24,4,Anabaena,Rhodospirillaceae,1.17471505222720%
10/10/24,3,Anabaena,Rhodospirillaceae,2.05928117256085%
10/10/24,4,Anabaena,Rhodospirillaceae,0.65031256480905%
7/17/24,1S,Anabaena,Synedra,0.12046720324039%
7/31/24,1S,Anabaena,Synedra,0.03225401831311%
7/31/24,2,Anabaena,Synedra,0.00000000000000%
7/31/24,3,Anabaena,Synedra,0.07821889844898%
7/31/24,3,Anabaena,Synedra,0.00000000000000%
7/31/24,4,Anabaena,Synedra,0.00592674542653%
8/14/24,1S,Anabaena,Synedra,0.30473555310438%
8/14/24,2,Anabaena,Synedra,0.21606118546845%
8/14/24,3,Anabaena,Synedra,0.02347472945374%
8/14/24,4,Anabaena,Synedra,0.01864338315260%
8/26/24,1S,Anabaena,Synedra,0.18126422152802%
8/26/24,2,Anabaena,Synedra,0.09618997520102%
8/26/24,3,Anabaena,Synedra,0.21239227218887%
8/26/24,4,Anabaena,Synedra,0.11722134447786%
9/14/24,1S,Anabaena,Synedra,15.43185457285490%
9/14/24,2,Anabaena,Synedra,0.35204081632653%
9/14/24,3,Anabaena,Synedra,0.35186837149371%
9/14/24,4,Anabaena,Synedra,0.27268521900032%
9/27/24,3,Anabaena,Synedra,0.22527533652242%
9/27/24,4,Anabaena,Synedra,0.06191065815792%
10/10/24,3,Anabaena,Synedra,0.06723399350712%
10/10/24,4,Anabaena,Synedra,0.00000000000000%
7/17/24,1S,Anabaena,Erythromicrobium,0.34918029924752%
7/31/24,1S,Anabaena,Erythromicrobium,0.90490440267350%
7/31/24,2,Anabaena,Erythromicrobium,0.52979867650293%
7/31/24,3,Anabaena,Erythromicrobium,1.23624015109602%
7/31/24,3,Anabaena,Erythromicrobium,0.53816697961175%
7/31/24,4,Anabaena,Erythromicrobium,0.79615946896361%
8/14/24,1S,Anabaena,Erythromicrobium,1.20772495279403%
8/14/24,2,Anabaena,Erythromicrobium,0.37667304015296%
8/14/24,3,Anabaena,Erythromicrobium,1.02584567712857%
8/14/24,4,Anabaena,Erythromicrobium,0.80477270608707%
8/26/24,1S,Anabaena,Erythromicrobium,4.48532531142736%
8/26/24,2,Anabaena,Erythromicrobium,1.37371308333960%
8/26/24,3,Anabaena,Erythromicrobium,1.25393129926888%
8/26/24,4,Anabaena,Erythromicrobium,0.69823148667244%
9/14/24,1S,Anabaena,Erythromicrobium,0.19402844494678%
9/14/24,2,Anabaena,Erythromicrobium,0.14965986394558%
9/14/24,3,Anabaena,Erythromicrobium,0.62939835464367%
9/14/24,4,Anabaena,Erythromicrobium,0.12903854113408%
9/27/24,3,Anabaena,Erythromicrobium,1.09300255868283%
9/27/24,4,Anabaena,Erythromicrobium,1.72714861732863%
10/10/24,3,Anabaena,Erythromicrobium,2.81038092859750%
10/10/24,4,Anabaena,Erythromicrobium,1.81169081266850%
7/17/24,1S,Anabaena,Opitutus,3.89161443511357%
7/31/24,1S,Anabaena,Opitutus,2.02125181428853%
7/31/24,2,Anabaena,Opitutus,0.11395669645535%
7/31/24,3,Anabaena,Opitutus,0.06104889635042%
7/31/24,3,Anabaena,Opitutus,0.11679997634431%
7/31/24,4,Anabaena,Opitutus,0.51167568849026%
8/14/24,1S,Anabaena,Opitutus,0.09721625007011%
8/14/24,2,Anabaena,Opitutus,2.46271510516252%
8/14/24,3,Anabaena,Opitutus,0.05868682363436%
8/14/24,4,Anabaena,Opitutus,0.00932169157630%
8/26/24,1S,Anabaena,Opitutus,0.31239153071850%
8/26/24,2,Anabaena,Opitutus,0.40129255279176%
8/26/24,3,Anabaena,Opitutus,0.24711023975820%
8/26/24,4,Anabaena,Opitutus,0.28540849090260%
9/14/24,1S,Anabaena,Opitutus,0.16200433267401%
9/14/24,2,Anabaena,Opitutus,0.19217687074830%
9/14/24,3,Anabaena,Opitutus,0.25275052036872%
9/14/24,4,Anabaena,Opitutus,0.00730406836608%
9/27/24,3,Anabaena,Opitutus,0.51173656691512%
9/27/24,4,Anabaena,Opitutus,0.52544686795568%
10/10/24,3,Anabaena,Opitutus,0.37651036363986%
10/10/24,4,Anabaena,Opitutus,0.60587207063076%
7/17/24,1S,Anabaena,Xiphinematobacter,0.01047540897743%
7/31/24,1S,Anabaena,Xiphinematobacter,0.10930528428333%
7/31/24,2,Anabaena,Xiphinematobacter,0.30588376416962%
7/31/24,3,Anabaena,Xiphinematobacter,0.51510006295667%
7/31/24,3,Anabaena,Xiphinematobacter,0.21585818412999%
7/31/24,4,Anabaena,Xiphinematobacter,0.45438381603382%
8/14/24,1S,Anabaena,Xiphinematobacter,1.92936865523753%
8/14/24,2,Anabaena,Xiphinematobacter,0.40726577437859%
8/14/24,3,Anabaena,Xiphinematobacter,2.36390525599192%
8/14/24,4,Anabaena,Xiphinematobacter,2.96119069073735%
8/26/24,1S,Anabaena,Xiphinematobacter,3.01207142581665%
8/26/24,2,Anabaena,Xiphinematobacter,1.44134665965281%
8/26/24,3,Anabaena,Xiphinematobacter,0.75766858636605%
8/26/24,4,Anabaena,Xiphinematobacter,2.55593496763672%
9/14/24,1S,Anabaena,Xiphinematobacter,0.01883771310163%
9/14/24,2,Anabaena,Xiphinematobacter,0.02721088435374%
9/14/24,3,Anabaena,Xiphinematobacter,0.19327980969373%
9/14/24,4,Anabaena,Xiphinematobacter,0.00973875782144%
9/27/24,3,Anabaena,Xiphinematobacter,0.08899766381133%
9/27/24,4,Anabaena,Xiphinematobacter,0.06984792202432%
10/10/24,3,Anabaena,Xiphinematobacter,0.08644370593772%
10/10/24,4,Anabaena,Xiphinematobacter,0.11998933428140%