field_date,site_reach,site,reach,sample_type,ATXa_ug_g,dhATXa_ug_g,HTXa_ug_g,ATX_all_ug_g,Chla_ug_g,Pheo_ug_g,per_org_matter,ATX_all_ug_chla_ug,ATX_all_ug_afdm_g
2022-07-14,SFE-M-3,SFE-M,3,TM,0,0,0,0,7984.72079,NA,0.57,0,0
2022-06-29,SFE-M-3,SFE-M,3,TM,0,0,0,0,7984.72079,93.82304098,0.18,0,0
2022-06-29,SFE-M-4,SFE-M,4,TM,0,0,0,0,4894.783359,30.0269389,0.18,0,0
2022-07-12,SAL-1S,SAL,1S,TM,0,0,0,0,4926.090016,96.35325901,0.459,0,0
2022-07-12,SAL-2,SAL,2,TM,0,0,0,0,4582.286237,138.0702181,0.49,0,0
2022-07-12,SAL-3,SAL,3,TM,0,0,0,0,6410.157875,37.90923248,0.76,0,0
2022-07-14,SFE-M-1S,SFE-M,1S,TM,0,0,0,0,5753.538754,35.19765232,0.76,0,0
2022-07-26,SAL-2,SAL,2,TM,0,0,0,0,3762.423615,173.3267795,0.44,0,0
2022-07-26,SAL-3,SAL,3,TM,0,0,0,0,5239.139706,220.1229932,0.67,0,0
2022-07-28,SFE-M-3,SFE-M,3,TM,0,0,0,0,8896.938678,86.60114938,0.71,0,0
2022-08-10,SFE-M-1S,SFE-M,1S,TM,3.754,0.611,0,4.365,9094.643062,70.21739434,0.718,0.00048,6.0793872
2022-08-10,SFE-M-3,SFE-M,3,TM,0.384,0.251,0,0.635,9451.424006,20.57506382,0.79,6.72E-05,0.8037975
2022-08-10,SFE-M-4,SFE-M,4,TM,69.894,32.293,0,102.187,5310.078585,1071.603101,0.43,0.019244,237.644186
2022-08-23,SFE-M-3,SFE-M,3,TM,0.861,0,0,0.861,9084.642868,428.6519181,0.718,9.48E-05,1.1991643
2022-09-06,SFE-M-3,SFE-M,3,TM,0.198,0.132,0,0.33,8003.007408,241.753703,0.636,4.12E-05,0.5188679
2022-09-08,SFE-M-1S,SFE-M,1S,TM,1.685,0.586,0,2.271,5159.959759,487.2145392,0.71,0.0004401,3.1985915
2022-09-17,SFE-M-1S,SFE-M,1S,TM,1.877,0.411,0,2.288,5867.935259,706.7792574,0.7,0.0003899,3.2685714
2022-07-14,SFE-M-1S,SFE-M,1S,TAC,0.781,0,0,0.781,3234.07963,963.0769984,0.38,0.0002415,2.0552632
2022-07-14,SFE-M-4,SFE-M,4,TAC,0.228,0,0,0.228,2793.428504,1126.914582,0.37,8.16E-05,0.6162162
2022-07-20,RUS-1S,RUS,1S,TAC,0,0,0,0,2963.280183,411.7434969,0.27,0,0
2022-07-20,RUS-3,RUS,3,TAC,0,0,0,0,3299.083977,400.9768236,0.38,0,0
2022-07-28,SFE-M-3,SFE-M,3,TAC,4.279,0.44,0,4.719,8248.481414,1348.807556,0.49,0.0005721,9.6306122
2022-08-02,RUS-1S,RUS,1S,TAC,0,0,0.113,0.113,3661.898235,1107.400134,0.38,3.09E-05,0.2973684
2022-08-02,RUS-2,RUS,2,TAC,0,0,0,0,4418.244681,403.8853825,0.31,0,0
2022-08-02,RUS-3,RUS,3,TAC,0,0,0,0,4091.494881,827.6457219,0.318,0,0
2022-08-10,SFE-M-1S,SFE-M,1S,TAC,72.138,21.935,0,94.073,8522.116649,793.7738014,0.61,0.0110387,154.2180328
2022-08-10,SFE-M-3,SFE-M,3,TAC,1.894,0.151,0,2.045,5553.042357,677.6955694,0.46,0.0003683,4.4456522
2022-08-10,SFE-M-4,SFE-M,4,TAC,32.582,11.15,0,43.732,3005.423851,1040.92706,0.46,0.014551,95.0695652
2022-08-17,RUS-1S,RUS,1S,TAC,0,0,0,0,3921.183432,979.2207142,0.25,0,0
2022-08-17,RUS-2,RUS,2,TAC,0,0,0,0,3093.795006,486.3517002,0.29,0,0
2022-08-17,RUS-3,RUS,3,TAC,0,0.239,0,0.239,4883.712664,590.1709376,0.33,4.89E-05,0.7242424
2022-08-23,SFE-M-3,SFE-M,3,TAC,0.601,0.178,0,0.779,4303.949924,804.2869405,0.46,0.000181,1.6934783
2022-09-01,RUS-1S,RUS,1S,TAC,0,0.292,0,0.292,1468.965661,628.74325,0.23,0.0001988,1.2695652
2022-09-01,RUS-2,RUS,2,TAC,0,0.17,0,0.17,2029.192042,557.2042425,0.24,8.38E-05,0.7083333
2022-09-06,SFE-M-1S,SFE-M,1S,TAC,0,0,0,0,2227.166831,673.3664664,0.45,0,0
2022-09-15,RUS-1S,RUS,1S,TAC,0.463,0.526,0,0.989,2757.728851,520.8944596,0.236,0.0003586,4.190678
2022-09-15,RUS-2,RUS,2,TAC,0,0,0,0,1604.478783,614.3313457,0.2,0,0
2022-09-17,SFE-M-1S,SFE-M,1S,TAC,0,0,0,0,1736.661335,1111.82134,0.46,0,0
2022-09-22,SAL-3,SAL,3,TAC,0,0,0,0,2249.715626,1155.620403,0.385,0,0
2023-06-28,SAL-3,SAL,3,TM,0,0,0,0,866.7796136,11.69629877,0.1,0,0
2023-07-03,SFE-M-3,SFE-M,3,TM,0,0,0,0,6720.418089,381.6502262,0.67,0,0
2023-07-10,SFE-M-1S,SFE-M,1S,TM,0,0,0,0,7009.153296,703.8370838,0.88,0,0
2023-07-10,SFE-M-2,SFE-M,2,TM,0,0,0,0,1197.957521,14.03667923,0.06,0,0
2023-07-11,SFE-SH-1S,SFE-SH,1S,TM,0,0,0,0,6161.104493,292.6743854,0.69,0,0
2023-07-13,SAL-2,SAL,2,TM,0,0,0,0,1689.309468,104.8225283,0.2,0,0
2023-07-13,SAL-3,SAL,3,TM,0,0,0,0,1896.815144,123.2269134,0.27,0,0
2023-07-17,SFE-SH-1S,SFE-SH,1S,TM,0,0,0,0,9916.969104,217.2293274,0.66,0,0
2023-07-17,SFE-M-1S,SFE-M,1S,TM,0,0,0,0,9562.300038,715.2150095,0.71,0,0
2023-07-24,SFE-SH-1S,SFE-SH,1S,TM,0,0,0,0,5568.80173,132.9353728,0.64,0,0
2023-07-24,SFE-M-1S,SFE-M,1S,TM,0,0,0,0,10104.02119,552.287875,0.71,0,0
2023-07-24,SFE-M-2,SFE-M,2,TM,0,0,0,0,2235.941406,40.74935431,0.16,0,0
2023-07-24,SFE-M-3,SFE-M,3,TM,0.09,0,0,0.09,5532.100939,54.09065926,0.628,1.63E-05,0.1433121
2023-07-27,SAL-1S,SAL,1S,TM,0,0,0,0,2224.051297,23.44647933,0.2,0,0
2023-07-27,SAL-2,SAL,2,TM,0,0,0,0,2218.002643,55.2418456,0.28,0,0
2023-07-27,SAL-3,SAL,3,TM,0,0,0,0,2088.61777,13.76970341,0.33,0,0
2023-07-31,SFE-SH-1S,SFE-SH,1S,TM,0.131,0,0,0.131,4258.221315,262.2567894,0.68,3.08E-05,0.1926471
2023-07-31,SFE-M-2,SFE-M,2,TM,0.081,0,0,0.081,6339.63167,537.497562,0.26,1.28E-05,0.3115385
2023-07-31,SFE-M-3,SFE-M,3,TM,0.268,0.045,0,0.313,9072.428032,156.08871,0.77,3.45E-05,0.4064935
2023-08-07,SFE-M-2,SFE-M,2,TM,2.42,0.338,0,2.758,8051.157672,233.2512709,0.37,0.0003426,7.4540541
2023-08-07,SFE-M-3,SFE-M,3,TM,1.536,0.352,0,1.888,7889.589809,31.19771671,0.68,0.0002393,2.7764706
2023-08-07,SFE-M-4,SFE-M,4,TM,0.253,0,0,0.253,1136.903195,62.74316593,0.09,0.0002225,2.8111111
2023-08-10,SAL-2,SAL,2,TM,0,0,0,0,2926.283018,170.5062964,0.32,0,0
2023-08-10,SAL-3,SAL,3,TM,0,0,0,0,3410.333376,157.5332263,0.39,0,0
2023-08-14,SFE-SH-1S,SFE-SH,1S,TM,0,0,0,0,13416.98636,339.2105964,0.75,0,0
2023-08-14,SFE-M-1S,SFE-M,1S,TM,0.964,0.099,0,1.063,8783.805855,556.0834731,0.75,0.000121,1.4173333
2023-08-14,SFE-M-2,SFE-M,2,TM,1.643,0.289,0,1.932,19844.6374,1520.032774,0.59,9.74E-05,3.2745763
2023-08-22,SFE-SH-1S,SFE-SH,1S,TM,1.421,0.29,0,1.711,19096.42919,2006.177981,0.77,8.96E-05,2.2220779
2023-08-22,SFE-M-1S,SFE-M,1S,TM,3.252,0.582,0,3.834,13362.68651,816.8571471,0.68,0.0002869,5.6382353
2023-08-22,SFE-M-2,SFE-M,2,TM,14.72,2.57,0,17.29,15312.43666,182.6909972,0.56,0.0011291,30.875
2023-08-22,SFE-M-4,SFE-M,4,TM,83.438,15.628,0,99.066,6849.349743,781.1432342,0.4,0.0144636,247.665
2023-08-28,SFE-M-1S,SFE-M,1S,TM,4.352,0.966,0,5.318,13907.59852,19.95400472,0.73,0.0003824,7.2849315
2023-08-28,SFE-M-2,SFE-M,2,TM,14.081,2.529,0,16.61,12178.06371,599.2076257,0.48,0.0013639,34.6041667
2023-08-28,SFE-M-3,SFE-M,3,TM,17.336,3.198,0,20.534,8164.375869,2572.674707,0.79,0.0025151,25.9924051
2023-09-04,SFE-SH-1S,SFE-SH,1S,TM,7.714,1.961,0,9.675,13816.22477,399.4393213,0.8,0.0007003,12.09375
2023-09-04,SFE-M-2,SFE-M,2,TM,16,2.032,0,18.032,14585.05081,1601.579924,0.44,0.0012363,40.9818182
2023-09-04,SFE-M-3,SFE-M,3,TM,22.963,2.867,0,25.83,13876.89219,6.900215008,0.73,0.0018614,35.3835616
2023-09-04,SFE-M-4,SFE-M,4,TM,1.699,0.238,0,1.937,5482.532935,26.01598121,0.34,0.0003533,5.6970588
2023-09-12,SFE-SH-1S,SFE-SH,1S,TM,4.583,0.561,0,5.144,4588.127968,6374.050127,0.77,0.0011212,6.6805195
2023-09-12,SFE-SH-1S,SFE-SH,1S,TM,4.583,0.561,0,5.144,11246.66491,998.9514977,0.77,0.0004574,6.6805195
2023-09-12,SFE-M-1S,SFE-M,1S,TM,11.952,1.078,0,13.03,9276.376365,1040.5714,0.76,0.0014046,17.1447368
2023-09-12,SFE-M-1S,SFE-M,1S,TM,11.952,1.078,0,13.03,16315.45605,2465.77041,0.76,0.0007986,17.1447368
2023-09-12,SFE-M-3,SFE-M,3,TM,18.323,1.667,0,19.99,22668.33455,1510.879204,0.73,0.0008818,27.3835616
2023-09-12,SFE-M-4,SFE-M,4,TM,1.157,0.095,0,1.252,10580.9156,1362.495782,0.46,0.0001183,2.7217391
2023-09-18,SFE-SH-1S,SFE-SH,1S,TM,7.295,1.009,0,8.304,14109.59565,1550.599214,0.79,0.0005885,10.5113924
2023-09-18,SFE-M-1S,SFE-M,1S,TM,36.812,4.958,0,41.77,14594.06116,861.0568831,0.75,0.0028621,55.6933333
2023-09-18,SFE-M-2,SFE-M,2,TM,5.437,0.458,0,5.895,14676.10698,324.8887711,0.55,0.0004017,10.7181818
2023-09-18,SFE-M-3,SFE-M,3,TM,11.662,1.148,0,12.81,13353.8612,153.5749577,0.74,0.0009593,17.3108108
2023-09-24,SFE-SH-1S,SFE-SH,1S,TM,6.946,0.705,0,7.651,10386.24856,1911.70752,0.81,0.0007366,9.445679
2023-09-24,SFE-M-1S,SFE-M,1S,TM,11.87,1.375,0,13.245,14913.55573,264.9677561,0.79,0.0008881,16.7658228
2023-09-24,SFE-M-3,SFE-M,3,TM,5.312,0.326,0,5.638,16078.23464,34.06158091,0.76,0.0003507,7.4184211
2023-09-24,SFE-M-4,SFE-M,4,TM,0.101,0,0,0.101,15267.92875,944.3872669,0.61,6.60E-06,0.1655738
2023-07-10,SFE-M-1S,SFE-M,1S,TAC,0,0,0,0,8228.767036,305.5418106,0.64,0,0
2023-07-10,SFE-M-4,SFE-M,4,TAC,0.042,0,0,0.042,2607.451207,216.3868864,0.67,1.61E-05,0.0626866
2023-07-17,SFE-M-4,SFE-M,4,TAC,0.015,0,0,0.015,3383.521744,480.8857367,0.41,4.40E-06,0.0365854
2023-07-24,SFE-SH-1S,SFE-SH,1S,TAC,0.165,0,0,0.165,5583.309313,479.884312,0.5,2.96E-05,0.33
2023-07-24,SFE-M-1S,SFE-M,1S,TAC,0.083,0.049,0,0.132,4811.334966,751.4925536,0.4,2.74E-05,0.33
2023-07-24,SFE-M-2,SFE-M,2,TAC,1.423,0.165,0,1.588,4815.921295,404.7820049,0.33,0.0003297,4.8121212
2023-07-24,SFE-M-3,SFE-M,3,TAC,0.026,0.062,0,0.088,3245.499822,158.2253349,0.32,2.71E-05,0.275
2023-07-24,SFE-M-4,SFE-M,4,TAC,0.605,0.173,0,0.778,3720.587301,709.4391393,0.39,0.0002091,1.9948718
2023-07-31,SFE-SH-1S,SFE-SH,1S,TAC,0.12,0.096,0,0.216,5531.738453,529.6716347,0.69,3.90E-05,0.3130435
2023-07-31,SFE-M-2,SFE-M,2,TAC,4.227,0.792,0,5.019,4001.809996,370.7581422,0.34,0.0012542,14.7617647
2023-07-31,SFE-M-3,SFE-M,3,TAC,0.588,0.175,0,0.763,4580.977553,569.5955769,0.42,0.0001666,1.8166667
2023-07-31,SFE-M-4,SFE-M,4,TAC,3.862,1.126,0,4.988,6844.788871,958.0344831,0.42,0.0007287,11.8761905
2023-08-07,SFE-SH-1S,SFE-SH,1S,TAC,1.587,0.281,0,1.868,5636.668476,532.7084037,0.54,0.0003314,3.4592593
2023-08-07,SFE-M-2,SFE-M,2,TAC,1.144,0.088,0,1.232,1685.680297,96.51665034,0.13,0.0007309,9.4769231
2023-08-07,SFE-M-3,SFE-M,3,TAC,4.13,0.683,0,4.813,3564.797808,384.7698873,0.45,0.0013501,10.6955556
2023-08-07,SFE-M-4,SFE-M,4,TAC,34.248,4.34,0,38.588,5999.309419,243.6034567,0.44,0.0064321,87.7
2023-08-14,SFE-SH-1S,SFE-SH,1S,TAC,10.991,1.395,0.038,12.424,5436.898534,598.312507,0.57,0.0022851,21.7964912
2023-08-14,SFE-M-1S,SFE-M,1S,TAC,53.561,7.018,0,60.579,5609.086427,830.8557483,0.51,0.0108002,118.7823529
2023-08-14,SFE-M-2,SFE-M,2,TAC,45.657,5.695,0,51.352,3755.759532,129.204177,0.29,0.0136729,177.0758621
2023-08-14,SFE-M-4,SFE-M,4,TAC,21.478,3.604,0,25.082,3591.586768,632.7931298,0.37,0.0069835,67.7891892
2023-08-22,SFE-SH-1S,SFE-SH,1S,TAC,7.41,0.753,0,8.163,4463.843306,1498.133776,0.52,0.0018287,15.6980769
2023-08-22,SFE-M-1S,SFE-M,1S,TAC,20.565,3.215,0,23.78,3818.790139,510.962527,0.38,0.0062271,62.5789474
2023-08-22,SFE-M-2,SFE-M,2,TAC,5.981,0.942,0,6.923,2857.741572,269.8583504,0.2,0.0024225,34.615
2023-08-22,SFE-M-4,SFE-M,4,TAC,28.817,3.924,0,32.741,3834.145284,1074.222612,0.5,0.0085393,65.482
2023-08-28,SFE-M-1S,SFE-M,1S,TAC,10.67,1.928,0,12.598,5188.282157,1178.749745,1.2,0.0024282,10.4983333
2023-08-28,SFE-M-3,SFE-M,3,TAC,0.463,0.153,0,0.616,2862.465087,394.4724161,0.38,0.0002152,1.6210526
2023-09-04,SFE-M-1S,SFE-M,1S,TAC,2.615,0.298,0,2.913,5366.359851,762.2657966,0.447,0.0005428,6.5167785
2023-09-04,SFE-M-2,SFE-M,2,TAC,0.013,0,0,0.013,1544.585031,41.87491379,0.14,8.40E-06,0.0928571
2023-09-12,SFE-M-1S,SFE-M,1S,TAC,0.027,0,0,0.027,3392.941457,192.9502139,0.3,8.00E-06,0.09
2023-09-18,SFE-SH-1S,SFE-SH,1S,TAC,6.064,1.159,0,7.223,5408.803468,893.5538897,0.62,0.0013354,11.65
2023-09-18,SFE-M-1S,SFE-M,1S,TAC,0,0,0,0,3411.621205,176.4191286,0.31,0,0
2023-09-18,SFE-M-3,SFE-M,3,TAC,0,0,0,0,1787.868921,150.5142485,0.263,0,0
2023-09-24,SFE-SH-1S,SFE-SH,1S,TAC,1.031,0.091,0,1.122,6669.775188,978.42351,0.67,0.0001682,1.6746269
2023-09-24,SFE-M-1S,SFE-M,1S,TAC,0,0,0,0,3120.767797,170.8793672,0.42,0,0
2022-06-29,SFE-M-1S,SFE-M,1S,TM,0,0,0,0,6407.824314,143.7520546,0.18,0,0
2022-07-14,SFE-M-3,SFE-M,3,TAC,0.542,0.0693,0,0.6113,3517.846989,1162.424739,0.32,0.0001738,1.9103125
2022-07-20,RUS-2,RUS,2,TAC,0,0,0,0,2984.965622,528.6851542,0.37,0,0
2022-07-26,SAL-1S,SAL,1S,TM,0,0,0.0683,0.0683,5046.585815,170.1983767,0.6,1.35E-05,0.1138333
2022-07-28,SFE-M-1S,SFE-M,1S,TAC,4.4737,0.61,0,5.0837,7154.803981,1436.099827,0.46,0.0007105,11.0515217
2022-07-28,SFE-M-1S,SFE-M,1S,TM,0.4097,0,0,0.4097,3895.206369,440.0310321,0.64,0.0001052,0.6401562
2022-07-28,SFE-M-4,SFE-M,4,TAC,4.5993,0.782,0,5.3813,7736.045583,1349.274783,0.48,0.0006956,11.2110417
2022-08-23,SFE-M-1S,SFE-M,1S,TM,0.7723,0.3283,0,1.1006,12128.80795,251.428294,0.74,9.07E-05,1.4872973
2022-09-01,RUS-3,RUS,3,TAC,0.377,0.964,0,1.341,1842.94613,653.9055263,0.25,0.0007276,5.364
2022-09-15,RUS-3,RUS,3,TAC,0.292,0.1683,0,0.4603,1725.722595,641.8468977,0.22,0.0002667,2.0922727
2022-09-17,SFE-M-3,SFE-M,3,TM,0.3467,0.1333,0,0.48,9191.619819,467.4296354,0.76,5.22E-05,0.6315789
2023-07-10,SFE-M-3,SFE-M,3,TM,0,0,0,0,6902.448985,43.17787526,0.85,0,0
2023-07-13,SAL-1S,SAL,1S,TM,0,0,0,0,1797.464688,75.20134764,0.241,0,0
2023-07-17,SFE-M-1S,SFE-M,1S,TAC,0.0237,0,0,0.0237,8109.273946,743.6888693,0.543,2.90E-06,0.0436464
2023-07-17,SFE-M-3,SFE-M,3,TM,0,0,0,0,7730.831462,110.4325405,0.699,0,0
2023-07-31,SFE-M-1S,SFE-M,1S,TAC,6.144,1.024,0,7.168,5725.394762,1068.316595,0.413,0.001252,17.3559322
2023-07-31,SFE-M-1S,SFE-M,1S,TM,0.225,0,0,0.225,8363.857088,119.5957984,0.704,2.69E-05,0.3196023
2023-08-07,SFE-M-1S,SFE-M,1S,TAC,11.1603,1.2357,0,12.396,3575.676805,348.2206954,0.386,0.0034668,32.1139896
2023-08-07,SFE-M-1S,SFE-M,1S,TM,0.2943,0.07,0,0.3643,9269.00804,119.892173,0.69,3.93E-05,0.527971
2023-08-10,SAL-1S,SAL,1S,TM,0,0,0,0,1698.051035,43.87807456,0.291,0,0
2023-08-14,SFE-M-3,SFE-M,3,TAC,21.7983,3.049,0,24.8473,6892.183242,879.0397651,0.568,0.0036051,43.7452465
2023-08-14,SFE-M-3,SFE-M,3,TM,5.499,1.1477,0,6.6467,9464.319239,220.2510764,0.751,0.0007023,8.850466
2023-08-22,SFE-M-3,SFE-M,3,TAC,13.9683,3.126,0,17.0943,5182.579563,565.3094868,0.434,0.0032984,39.387788
2023-08-22,SFE-M-3,SFE-M,3,TM,6.2913,1.071,0,7.3623,14462.81405,144.5625865,0.76,0.0005091,9.6872368
2023-08-28,SFE-SH-1S,SFE-SH,1S,TM,5.8297,1.3563,0,7.186,13563.5726,489.2290985,0.758,0.0005298,9.4802111
2023-09-04,SFE-M-1S,SFE-M,1S,TM,18.1193,3.1097,0,21.229,14746.29082,520.0425104,0.757,0.0014396,28.0435931
2023-09-12,SFE-M-2,SFE-M,2,TM,8.982,0.915,0,9.897,14234.06169,1520.567255,0.613,0.0006953,16.1451876
2023-09-18,SFE-M-2,SFE-M,2,TAC,0,0,0,0,2641.188243,93.85973288,0.15,0,0
2023-09-18,SFE-M-4,SFE-M,4,TM,0.7077,0.062,0,0.7697,7804.906602,11384.27126,0.5,9.86E-05,1.5394
2023-09-24,SFE-M-2,SFE-M,2,TAC,0,0,0.0093,0.0093,2450.890437,135.9150735,0.243,3.80E-06,0.0382716
2023-09-24,SFE-M-2,SFE-M,2,TM,2.7717,0.2957,0,3.0674,12954.67745,1524.581869,0.576,0.0002368,5.3253472