field_date,site_reach,sample_type,slide_rep,date_analyzed,method,microcoleus,non_algal,non_e_diatoms,e_diatoms,other_coccoids,green_algae,anabaena_and_cylindrospermum,geitlerinema,gloeotrichia,nostoc,calothrix,oscillatoria,scytonema,rivularia,unknown,lyngbya,phormidium_unknown,leptolyngbya,chroococcus,tolypothrix,nodularia,homoeothrix,aphanothece
7/12/22,SAL-1S,TM,Final,10/20/23,preserved,90.5,3,5,0,0.5,1,0,0,0,0,0,0,0,0,0,0,0,0,0,0,0,0,0
7/26/22,SAL-1S,TM,Final,10/23/23,preserved,73,4,12,0,3,5,0,3,0,0,0,0,0,0,0,0,0,0,0,0,0,0,0
7/12/22,SAL-2,TM,Final,10/20/23,preserved,87,5,6,0,1,1,0,0,0,0,0,0,0,0,0,0,0,0,0,0,0,0,0
7/26/22,SAL-2,TM,Final,10/23/23,preserved,70,10,15,0,2,3,0,0,0,0,0,0,0,0,0,0,0,0,0,0,0,0,0
7/12/22,SAL-3,TM,1,11/17/23,preserved,50.8,40,5,0,1,1,0,2,0,0,0,0,0,0,0,0.1,0.1,0,0,0,0,0,0
7/12/22,SAL-3,TM,2,11/17/23,preserved,47.9,42,7,0.1,1,1,0,1,0,0,0,0,0,0,0,0,0,0,0,0,0,0,0
7/12/22,SAL-3,TM,3,11/17/23,preserved,46,45,5,0,1,2,0,1,0,0,0,0,0,0,0,0,0,0,0,0,0,0,0
7/26/22,SAL-3,TM,Final,10/23/23,preserved,81,6,8,0,2,1,0,2,0,0,0,0,0,0,0,0,0,0,0,0,0,0,0
6/29/22,SFE-M-1S,TM,Final,10/3/23,preserved,80,2,2,3,1,2,0,5,0,5,0,0,0,0,0,0,0,0,0,0,0,0,0
7/14/22,SFE-M-1S,TM,Final,10/23/23,preserved,69.9,6,5,5,2,2,5,0,0,5,0,0,0,0,0,0,0,0,0.1,0,0,0,0
7/28/22,SFE-M-1S,TM,Final,10/24/23,preserved,60,2,2,12,4,5,10,3,0,2,0,0,0,0,0,0,0,0,0,0,0,0,0
8/10/22,SFE-M-1S,TM,Final,10/25/23,preserved,65.9,5,6,6,3,3,3,8,0,0,0,0,0,0,0,0,0,0.1,0,0,0,0,0
8/23/22,SFE-M-1S,TM,Final,10/31/23,preserved,68,5,10,4,3,8,0,2,0,0,0,0,0,0,0,0,0,0,0,0,0,0,0
9/8/22,SFE-M-1S,TM,Final,11/1/23,preserved,66.9,9,4,6,3,6,1,4,0,0,0,0,0,0,0,0,0,0.1,0,0,0,0,0
9/17/22,SFE-M-1S,TM,Final,11/1/23,preserved,56,9,3,5,10,8,2,5,0,2,0,0,0,0,0,0,0,0,0,0,0,0,0
6/29/22,SFE-M-3,TM,Final,10/24/23,preserved,77,3,4,6,1,6,0,1,0,2,0,0,0,0,0,0,0,0,0,0,0,0,0
7/14/22,SFE-M-3,TM,Final,10/23/23,preserved,62,7,10,5,2,4,8,0,0,2,0,0,0,0,0,0,0,0,0,0,0,0,0
7/28/22,SFE-M-3,TM,Final,10/25/23,preserved,54,2,8,12,3,10,5,1,0,2,0,0,3,0,0,0,0,0,0,0,0,0,0
8/10/22,SFE-M-3,TM,Final,10/26/23,preserved,70,2,3,7,5,8,3,2,0,0,0,0,0,0,0,0,0,0,0,0,0,0,0
8/23/22,SFE-M-3,TM,Final,10/31/23,preserved,80,5,3,5,1,5,0,1,0,0,0,0,0,0,0,0,0,0,0,0,0,0,0
9/6/22,SFE-M-3,TM,Final,10/31/23,preserved,78,6,2,3,2,8,0,1,0,0,0,0,0,0,0,0,0,0,0,0,0,0,0
9/17/22,SFE-M-3,TM,Final,11/1/23,preserved,69,12,5,5,2,4,0,3,0,0,0,0,0,0,0,0,0,0,0,0,0,0,0
6/29/22,SFE-M-4,TM,Final,10/25/23,preserved,54,2,11,5,3,5,0,0,0,20,0,0,0,0,0,0,0,0,0,0,0,0,0
8/10/22,SFE-M-4,TM,Final,10/25/23,preserved,33.8,6,4,25,3,7,10,5,0,1,0,0.1,0,0,0,0.1,0,5,0,0,0,0,0
8/23/22,SFE-M-4,TM,Final,10/31/23,preserved,58.9,6,4,8,5,12,1,2,0,0,0,3,0,0,0,0,0,0,0.1,0,0,0,0
7/13/23,SAL-1S,TM,1,3/14/24,preserved,15,81.7,3,0,0.1,0.1,0,0.1,0,0,0,0,0,0,0,0,0,0,0,0,0,0,0
7/13/23,SAL-1S,TM,2,3/14/24,preserved,20,71.8,7,0,0.1,1,0,0.1,0,0,0,0,0,0,0,0,0,0,0,0,0,0,0
7/13/23,SAL-1S,TM,3,3/14/24,preserved,30,57.8,10,0,0.1,1,0,1,0,0,0,0,0,0,0,0,0,0.1,0,0,0,0,0
7/27/23,SAL-1S,TM,1,3/15/24,preserved,40,51.9,6,0,0.1,1,0,1,0,0,0,0,0,0,0,0,0,0,0,0,0,0,0
7/27/23,SAL-1S,TM,2,3/15/24,preserved,41,51.9,5,0,0.1,1,0,1,0,0,0,0,0,0,0,0,0,0,0,0,0,0,0
7/27/23,SAL-1S,TM,3,3/15/24,preserved,38,47.9,10,0,0.1,2,0,2,0,0,0,0,0,0,0,0,0,0,0,0,0,0,0
8/10/23,SAL-1S,TM,Final,8/15/23,live,79.9,15,4,0.1,1,0,0,0,0,0,0,0,0,0,0,0,0,0,0,0,0,0,0
7/13/23,SAL-2,TM,1,3/14/24,preserved,15,77.9,5,0,0.1,1,0,1,0,0,0,0,0,0,0,0,0,0,0,0,0,0,0
7/13/23,SAL-2,TM,2,3/14/24,preserved,25,62.7,12,0,0.1,0.1,0,0.1,0,0,0,0,0,0,0,0,0,0,0,0,0,0,0
7/13/23,SAL-2,TM,3,3/14/24,preserved,35,52.8,10,0,0.1,0.1,0,1,0,0,0,0,0,0,0,0,0,1,0,0,0,0,0
7/27/23,SAL-2,TM,1,3/15/24,preserved,50.8,40,7,0,0.1,0.1,0,1,0,0,0,0,0,0,0,0,0,1,0,0,0,0,0
7/27/23,SAL-2,TM,2,3/15/24,preserved,43.9,45,8,0,0.1,1,0,1,0,0,0,0,0,0,0,0,0,1,0,0,0,0,0
7/27/23,SAL-2,TM,3,3/15/24,preserved,38.7,46,10,0,0.1,0.1,0.1,4,0,0,0,0,0,0,0,0,0,1,0,0,0,0,0
8/10/23,SAL-2,TM,Final,8/16/23,live,83,10,4,0,2,1,0,0,0,0,0,0,0,0,0,0,0,0,0,0,0,0,0
6/28/23,SAL-3,TM,1,3/8/24,preserved,35,60.9,4,0,0,0.1,0,0,0,0,0,0,0,0,0,0,0,0,0,0,0,0,0
6/28/23,SAL-3,TM,2,3/8/24,preserved,40,55,5,0,0,0,0,0,0,0,0,0,0,0,0,0,0,0,0,0,0,0,0
6/28/23,SAL-3,TM,3,3/8/24,preserved,20,75,5,0,0,0,0,0,0,0,0,0,0,0,0,0,0,0,0,0,0,0,0
7/13/23,SAL-3,TM,1,3/14/24,preserved,10,73.8,15,0,0,1,0,0.1,0,0,0,0,0,0,0,0,0,0.1,0,0,0,0,0
7/13/23,SAL-3,TM,2,3/14/24,preserved,17,66.9,14,0,0,1,0,1,0,0,0,0,0,0,0,0,0,0.1,0,0,0,0,0
7/13/23,SAL-3,TM,3,3/14/24,preserved,15,72.7,12,0,0,0.1,0,0.1,0,0,0,0,0,0,0,0,0,0.1,0,0,0,0,0
7/27/23,SAL-3,TM,1,3/15/24,preserved,58.7,35,6,0,0,0.1,0,0.1,0,0,0,0,0,0,0,0,0,0.1,0,0,0,0,0
7/27/23,SAL-3,TM,2,3/15/24,preserved,46,45,7,0,0,0,0,1,0,0,0,0,0,0,0,0,0,1,0,0,0,0,0
7/27/23,SAL-3,TM,3,3/15/24,preserved,47.8,46,6,0,0,0,0,0.1,0,0,0,0,0,0,0,0,0,0.1,0,0,0,0,0
8/10/23,SAL-3,TM,Final,8/16/23,live,74,5,3,2,1,15,0,0,0,0,0,0,0,0,0,0,0,0,0,0,0,0,0
7/10/23,SFE-M-1S,TM,1,3/7/24,preserved,54,12,25,3,2,3,0,1,0,0,0,0,0,0,0,0,0,0,0,0,0,0,0
7/10/23,SFE-M-1S,TM,2,3/7/24,preserved,71.9,7,10,3,3,2,0,3,0,0,0.1,0,0,0,0,0,0,0,0,0,0,0,0
7/10/23,SFE-M-1S,TM,3,3/7/24,preserved,91,5,1,1,1,1,0,0,0,0,0,0,0,0,0,0,0,0,0,0,0,0,0
7/17/23,SFE-M-1S,TM,1,3/11/24,preserved,51.9,18,9,5,3,10,0.1,1,0,0,2,0,0,0,0,0,0,0,0,0,0,0,0
7/17/23,SFE-M-1S,TM,2,3/11/24,preserved,69,15,8,3,2,2,0,1,0,0,0,0,0,0,0,0,0,0,0,0,0,0,0
7/17/23,SFE-M-1S,TM,3,3/11/24,preserved,61,16,7,2,2,11,0,1,0,0,0,0,0,0,0,0,0,0,0,0,0,0,0
7/24/23,SFE-M-1S,TM,1,3/12/24,preserved,68.9,7,5,1,1,12,0,3,0,2,0.1,0,0,0,0,0,0,0,0,0,0,0,0
7/24/23,SFE-M-1S,TM,2,3/12/24,preserved,81.9,8,3,1,1,3,0,2,0,0,0,0,0,0,0,0,0,0,0,0,0.1,0,0
7/24/23,SFE-M-1S,TM,3,3/12/24,preserved,75.8,15,3,1,1,3,0,1,0,0.1,0.1,0,0,0,0,0,0,0,0,0,0,0,0
7/31/23,SFE-M-1S,TM,1,3/15/24,preserved,42,17,6,7,3,10,5,3,0,0,3,0,0,0,0,0,0,2,2,0,0,0,0
7/31/23,SFE-M-1S,TM,2,3/15/24,preserved,42,19,5,5,2,11,6,3,0,0,4,0,0,0,0,0,0,1,2,0,0,0,0
7/31/23,SFE-M-1S,TM,3,3/15/24,preserved,51,13,5,8,3,9,4,2,0,0,3,0,0,0,0,0,0,1,1,0,0,0,0
8/7/23,SFE-M-1S,TM,1,3/12/24,preserved,47.9,15,7,5,2,6,1,2,0,0,0.1,0,0,10,0,0,0,2,2,0,0,0,0
8/7/23,SFE-M-1S,TM,2,3/12/24,preserved,89,5,1,1,1,2,0,1,0,0,0,0,0,0,0,0,0,0,0,0,0,0,0
8/7/23,SFE-M-1S,TM,3,3/12/24,preserved,73.9,13,2,1,3,5,1,1,0,0,0.1,0,0,0,0,0,0,0,0,0,0,0,0
8/14/23,SFE-M-1S,TM,Final,8/23/23,live,75.9,3,3,2,5,10,1,0,0,0,0,0.1,0,0,0,0,0,0,0,0,0,0,0
8/22/23,SFE-M-1S,TM,Final,8/30/23,live,74,5,1,2,3,15,0,0,0,0,0,0,0,0,0,0,0,0,0,0,0,0,0
8/28/23,SFE-M-1S,TM,Final,9/5/23,live,87,3,2,0,2,5,0,1,0,0,0,0,0,0,0,0,0,0,0,0,0,0,0
9/4/23,SFE-M-1S,TM,Final,9/11/23,live,77.9,8,5,1,2,6,0.1,0,0,0,0,0,0,0,0,0,0,0,0,0,0,0,0
9/12/23,SFE-M-1S,TM,Final,9/19/23,live,59.9,5,3,2,2,18,0.1,0,10,0,0,0,0,0,0,0,0,0,0,0,0,0,0
9/18/23,SFE-M-1S,TM,Final,9/21/23,live,64.8,5,4,6,5,15,0.1,0.1,0,0,0,0,0,0,0,0,0,0,0,0,0,0,0
9/24/23,SFE-M-1S,TM,Final,9/28/23,live,63.9,15,3,7,2,9,0.1,0,0,0,0,0,0,0,0,0,0,0,0,0,0,0,0
7/10/23,SFE-M-2,TM,1,3/11/24,preserved,61,12,8,2,1,15,0,1,0,0,0,0,0,0,0,0,0,0,0,0,0,0,0
7/10/23,SFE-M-2,TM,2,3/11/24,preserved,70,15,9,1,1,3,0,1,0,0,0,0,0,0,0,0,0,0,0,0,0,0,0
7/10/23,SFE-M-2,TM,3,3/11/24,preserved,68.9,20,7,1,1,1,0,1,0,0,0,0,0,0,0.1,0,0,0,0,0,0,0,0
7/24/23,SFE-M-2,TM,1,3/12/24,preserved,57,30,5,3,2,2,0,1,0,0,0,0,0,0,0,0,0,0,0,0,0,0,0
7/24/23,SFE-M-2,TM,2,3/12/24,preserved,48.9,40,4,3,1,1,0.1,2,0,0,0,0,0,0,0,0,0,0,0,0,0,0,0
7/24/23,SFE-M-2,TM,3,3/12/24,preserved,41.9,45,4,4,1,3,0.1,1,0,0,0,0,0,0,0,0,0,0,0,0,0,0,0
7/31/23,SFE-M-2,TM,1,3/18/24,preserved,64,10,6,7,1,4,5,3,0,0,0,0,0,0,0,0,0,0,0,0,0,0,0
7/31/23,SFE-M-2,TM,2,3/18/24,preserved,55,15,7,7,2,5,6,3,0,0,0,0,0,0,0,0,0,0,0,0,0,0,0
7/31/23,SFE-M-2,TM,3,3/18/24,preserved,54,16,7,8,3,4,6,2,0,0,0,0,0,0,0,0,0,0,0,0,0,0,0
8/7/23,SFE-M-2,TM,1,3/13/24,preserved,31,25,9,16,3,4,5,6,0,0,1,0,0,0,0,0,0,0,0,0,0,0,0
8/7/23,SFE-M-2,TM,2,3/13/24,preserved,32.8,20,10,16,3,5,7,6,0,0,0.1,0,0,0,0,0,0,0,0.1,0,0,0,0
8/7/23,SFE-M-2,TM,3,3/13/24,preserved,35,19,9,14,4,7,7,5,0,0,0,0,0,0,0,0,0,0,0,0,0,0,0
8/14/23,SFE-M-2,TM,Final,8/25/23,live,66.9,5,15,2,1,10,0.1,0,0,0,0,0,0,0,0,0,0,0,0,0,0,0,0
8/22/23,SFE-M-2,TM,Final,8/31/23,live,80,5,3,2,3,2,4,1,0,0,0,0,0,0,0,0,0,0,0,0,0,0,0
8/28/23,SFE-M-2,TM,Final,9/5/23,live,92,3,1,1,1,2,0,0,0,0,0,0,0,0,0,0,0,0,0,0,0,0,0
9/4/23,SFE-M-2,TM,Final,9/11/23,live,90,5,3,0,1,1,0,0,0,0,0,0,0,0,0,0,0,0,0,0,0,0,0
9/12/23,SFE-M-2,TM,Final,9/19/23,live,83.8,5,2,1,1,7,0.1,0.1,0,0,0,0,0,0,0,0,0,0,0,0,0,0,0
9/18/23,SFE-M-2,TM,Final,9/21/23,live,77,15,2,1,2,3,0,0,0,0,0,0,0,0,0,0,0,0,0,0,0,0,0
9/24/23,SFE-M-2,TM,Final,9/28/23,live,78.7,7,8,0.1,1,5,0.1,0,0,0,0,0,0,0,0.1,0,0,0,0,0,0,0,0
7/3/23,SFE-M-3,TM,1,3/7/24,preserved,74.9,15,3,1,1,5,0,0.1,0,0,0,0,0,0,0,0,0,0,0,0,0,0,0
7/3/23,SFE-M-3,TM,2,3/7/24,preserved,80.8,7,3,1,2,6,0,0.1,0,0,0,0,0,0,0,0,0,0.1,0,0,0,0,0
7/3/23,SFE-M-3,TM,3,3/7/24,preserved,83.9,7,3,1,2,3,0,0.1,0,0,0,0,0,0,0,0,0,0,0,0,0,0,0
7/10/23,SFE-M-3,TM,1,3/8/24,preserved,76.9,15,5,0,1,2,0,0,0,0.1,0,0,0,0,0,0,0,0,0,0,0,0,0
7/10/23,SFE-M-3,TM,2,3/8/24,preserved,74,12,8,0,3,3,0,0,0,0,0,0,0,0,0,0,0,0,0,0,0,0,0
7/10/23,SFE-M-3,TM,3,3/8/24,preserved,63.9,20,9,0,3,4,0,0,0,0.1,0,0,0,0,0,0,0,0,0,0,0,0,0
7/17/23,SFE-M-3,TM,1,3/14/24,preserved,67,15,5,4,2,3,0,3,0,0,1,0,0,0,0,0,0,0,0,0,0,0,0
7/17/23,SFE-M-3,TM,2,3/14/24,preserved,68,20,4,3,1,2,0,2,0,0,0,0,0,0,0,0,0,0,0,0,0,0,0
7/17/23,SFE-M-3,TM,3,3/14/24,preserved,66,17,4,3,2,3,0,2,0,0,3,0,0,0,0,0,0,0,0,0,0,0,0
7/24/23,SFE-M-3,TM,1,11/17/23,preserved,43,25,4,5,2,15,0,3,0,0,0,0,0,0,3,0,0,0,0,0,0,0,0
7/24/23,SFE-M-3,TM,2,11/17/23,preserved,48,20,6,7,5,12,0,2,0,0,0,0,0,0,0,0,0,0,0,0,0,0,0
7/24/23,SFE-M-3,TM,3,11/17/23,preserved,60,10,3,4,3,14,0,2,0,0,0,0,0,0,4,0,0,0,0,0,0,0,0
7/31/23,SFE-M-3,TM,1,3/18/24,preserved,64.9,10,5,5,2,7,3,2,0,0,0,0,0,0,0,0,0,1,0.1,0,0,0,0
7/31/23,SFE-M-3,TM,2,3/18/24,preserved,59.9,9,6,10,3,6,5,1,0,0,0,0,0,0,0,0,0,0,0.1,0,0,0,0
7/31/23,SFE-M-3,TM,3,3/18/24,preserved,61.9,6,6,11,3,5,6,1,0,0,0,0,0,0,0,0,0,0,0.1,0,0,0,0
8/7/23,SFE-M-3,TM,1,3/13/24,preserved,46.9,13,10,15,3,4,0,5,0,0,3,0,0,0,0,0,0,0,0.1,0,0,0,0
8/7/23,SFE-M-3,TM,2,3/13/24,preserved,63.9,11,9,8,2,3,0,3,0,0,0,0,0,0,0,0,0,0,0.1,0,0,0,0
8/7/23,SFE-M-3,TM,3,3/13/24,preserved,51.7,15,8,8,3,8,3,3,0,0,0.1,0,0,0,0,0,0,0,0.1,0,0,0.1,0
8/14/23,SFE-M-3,TM,Final,8/25/23,live,73.9,5,2,10,1,8,0.1,0,0,0,0,0,0,0,0,0,0,0,0,0,0,0,0
8/22/23,SFE-M-3,TM,Final,8/31/23,live,60,8,10,10,5,4,2,1,0,0,0,0,0,0,0,0,0,0,0,0,0,0,0
8/28/23,SFE-M-3,TM,Final,9/6/23,live,78,8,3,4,1,6,0,0,0,0,0,0,0,0,0,0,0,0,0,0,0,0,0
9/4/23,SFE-M-3,TM,Final,9/14/23,live,73.9,9,4,6,2,5,0.1,0,0,0,0,0,0,0,0,0,0,0,0,0,0,0,0
9/12/23,SFE-M-3,TM,Final,9/19/23,live,76.9,6,2,0.1,5,10,0,0,0,0,0,0,0,0,0,0,0,0,0,0,0,0,0
9/18/23,SFE-M-3,TM,Final,9/26/23,live,74.8,10,2,0.1,5,8,0,0,0,0,0,0,0,0,0.1,0,0,0,0,0,0,0,0
9/24/23,SFE-M-3,TM,Final,9/28/23,live,69.6,10,6,2,4,8,0.1,0,0,0,0,0,0.1,0.1,0.1,0,0,0,0,0,0,0,0
8/7/23,SFE-M-4,TM,1,3/13/24,preserved,45,44,2,3,1,2,2,1,0,0,0,0,0,0,0,0,0,0,0,0,0,0,0
8/7/23,SFE-M-4,TM,2,3/13/24,preserved,43.9,35,5,5,2,3,4,2,0,0,0,0,0,0,0,0,0,0,0.1,0,0,0,0
8/7/23,SFE-M-4,TM,3,3/13/24,preserved,45,30,6,6,2,3,5,3,0,0,0,0,0,0,0,0,0,0,0,0,0,0,0
8/22/23,SFE-M-4,TM,Final,8/31/23,live,52,10,5,8,3,12,3,2,0,0,0,5,0,0,0,0,0,0,0,0,0,0,0
9/4/23,SFE-M-4,TM,Final,9/14/23,live,79.9,10,2,0.1,3,5,0,0,0,0,0,0,0,0,0,0,0,0,0,0,0,0,0
9/12/23,SFE-M-4,TM,1,11/17/23,preserved,68,15,4,3,2,5,0,3,0,0,0,0,0,0,0,0,0,0,0,0,0,0,0
9/12/23,SFE-M-4,TM,2,11/17/23,preserved,72,12,2,2,1,9,0,2,0,0,0,0,0,0,0,0,0,0,0,0,0,0,0
9/12/23,SFE-M-4,TM,3,11/17/23,preserved,68,10,6,5,1,8,0,2,0,0,0,0,0,0,0,0,0,0,0,0,0,0,0
9/18/23,SFE-M-4,TM,Final,9/26/23,live,69,12,15,0,1,3,0,0,0,0,0,0,0,0,0,0,0,0,0,0,0,0,0
9/24/23,SFE-M-4,TM,Final,9/28/23,live,66.8,12,15,0.1,1,5,0.1,0,0,0,0,0,0,0,0,0,0,0,0,0,0,0,0
7/11/23,SFE-SH-1S,TM,1,3/7/24,preserved,71,7,6,3,2,5,0,1,0,0,0,0,0,0,0,0,0,0,0,5,0,0,0
7/11/23,SFE-SH-1S,TM,2,3/7/24,preserved,76.9,6,8,4,1,3,0,1,0,0.1,0,0,0,0,0,0,0,0,0,0,0,0,0
7/11/23,SFE-SH-1S,TM,3,3/7/24,preserved,70.9,10,8,3,2,5,0,1,0,0,0,0,0,0,0,0,0,0.1,0,0,0,0,0
7/17/23,SFE-SH-1S,TM,1,3/11/24,preserved,57.8,15,10,4,2,6,0,2,0,0.1,3,0,0,0,0,0,0,0,0,0.1,0,0,0
7/17/23,SFE-SH-1S,TM,2,3/11/24,preserved,64.8,10,11,3,2,7,0,2,0,0.1,0.1,0,0,0,0,0,0,0,0,0,0,0,0
7/17/23,SFE-SH-1S,TM,3,3/11/24,preserved,63.9,11,12,3,1,7,0,2,0,0,0.1,0,0,0,0,0,0,0,0,0,0,0,0
7/24/23,SFE-SH-1S,TM,1,3/12/24,preserved,59,10,7,6,5,7,3,1,0,0,2,0,0,0,0,0,0,0,0,0,0,0,0
7/24/23,SFE-SH-1S,TM,2,3/12/24,preserved,53,15,8,7,4,10,2,1,0,0,0,0,0,0,0,0,0,0,0,0,0,0,0
7/24/23,SFE-SH-1S,TM,3,3/12/24,preserved,43,25,7,5,3,11,5,1,0,0,0,0,0,0,0,0,0,0,0,0,0,0,0
7/31/23,SFE-SH-1S,TM,1,3/15/24,preserved,38,17,8,8,3,10,5,2,0,2,3,0,0,0,0,3,0,0,1,0,0,0,0
7/31/23,SFE-SH-1S,TM,2,3/15/24,preserved,21,11,14,10,3,17,7,3,0,3,4,0,0,0,0,4,0,2,1,0,0,0,0
7/31/23,SFE-SH-1S,TM,3,3/15/24,preserved,20,12,13,11,4,15,9,3,0,3,5,0,0,0,0,3,0,1,1,0,0,0,0
8/14/23,SFE-SH-1S,TM,Final,8/23/23,live,52,5,10,10,2,20,1,0,0,0,0,0,0,0,0,0,0,0,0,0,0,0,0
8/22/23,SFE-SH-1S,TM,Final,8/30/23,live,81.9,5,2,1,8,2,0.1,0,0,0,0,0,0,0,0,0,0,0,0,0,0,0,0
8/28/23,SFE-SH-1S,TM,Final,9/5/23,live,73,4,4,6,5,8,0,0,0,0,0,0,0,0,0,0,0,0,0,0,0,0,0
9/4/23,SFE-SH-1S,TM,Final,9/11/23,live,71,10,5,2,4,8,0,0,0,0,0,0,0,0,0,0,0,0,0,0,0,0,0
9/12/23,SFE-SH-1S,TM,Final,9/14/23,live,79,5,3,4,3,6,0,0,0,0,0,0,0,0,0,0,0,0,0,0,0,0,0
9/18/23,SFE-SH-1S,TM,Final,9/21/23,live,58,10,3,2,6,20,0,0,0,0,0,0,1,0,0,0,0,0,0,0,0,0,0
9/24/23,SFE-SH-1S,TM,Final,9/26/23,live,70.9,4,8,2,3,12,0,0,0,0,0,0.1,0,0,0,0,0,0,0,0,0,0,0
7/20/22,RUS-1S,TAC,1,11/6/23,preserved,0,3,3,5,1,74,12,2,0,0,0,0,0,0,0,0,0,0,0,0,0,0,0
7/20/22,RUS-1S,TAC,2,11/6/23,preserved,0,7,5,7,2,64,12,3,0,0,0,0,0,0,0,0,0,0,0,0,0,0,0
7/20/22,RUS-1S,TAC,3,11/6/23,preserved,0,10,9,8,1,55,13,4,0,0,0,0,0,0,0,0,0,0,0,0,0,0,0
8/2/22,RUS-1S,TAC,1,11/8/23,preserved,0,8,5,7,2,62,13,3,0,0,0,0,0,0,0,0,0,0,0,0,0,0,0
8/2/22,RUS-1S,TAC,2,11/8/23,preserved,0,6,4,5,2,60,20,3,0,0,0,0,0,0,0,0,0,0,0,0,0,0,0
8/2/22,RUS-1S,TAC,3,11/8/23,preserved,0,3,4,3,1,78,10,1,0,0,0,0,0,0,0,0,0,0,0,0,0,0,0
8/17/22,RUS-1S,TAC,1,11/17/23,preserved,0,10,15,14,5,23,23,3,0,0,0,7,0,0,0,0,0,0,0,0,0,0,0
8/17/22,RUS-1S,TAC,2,11/17/23,preserved,0.1,12,17,15,4,15,26.9,4,0,0,0,6,0,0,0,0,0,0,0,0,0,0,0
8/17/22,RUS-1S,TAC,3,11/17/23,preserved,0.1,15,18,15,5,17,21.9,3,0,0,0,5,0,0,0,0,0,0,0,0,0,0,0
9/1/22,RUS-1S,TAC,1,11/20/23,preserved,5,25,7,7,6,18,26.9,3,0,0,0,2,0,0,0,0,0,0,0,0,0,0.1,0
9/1/22,RUS-1S,TAC,2,11/20/23,preserved,0,22,10,9,5,20,20,5,0,0,0,2,0,0,1,0,6,0,0,0,0,0,0
9/1/22,RUS-1S,TAC,3,11/20/23,preserved,0,28,8,7,5,17,26,2,0,0,0,1,0,0,3,0,3,0,0,0,0,0,0
9/15/22,RUS-1S,TAC,1,11/28/23,preserved,0,15,16,8,3,26,24,1,0,0,0,5,0,0,0,0,2,0,0,0,0,0,0
9/15/22,RUS-1S,TAC,2,11/28/23,preserved,0.1,18,17,7,5,24.9,18,2,0,0,0,7,0,0,0,0,1,0,0,0,0,0,0
9/15/22,RUS-1S,TAC,3,11/28/23,preserved,0.1,16,15,8,5,27.9,20,1,0,0,0,6,0,0,0,0,1,0,0,0,0,0,0
7/20/22,RUS-2,TAC,1,11/6/23,preserved,0.1,6,7,6,1,54.9,20,5,0,0,0,0,0,0,0,0,0,0,0,0,0,0,0
7/20/22,RUS-2,TAC,2,11/6/23,preserved,0.1,6,8,5,1,53.9,22,4,0,0,0,0,0,0,0,0,0,0,0,0,0,0,0
7/20/22,RUS-2,TAC,3,11/6/23,preserved,0.1,7,6,5,1,51.9,25,4,0,0,0,0,0,0,0,0,0,0,0,0,0,0,0
8/2/22,RUS-2,TAC,1,11/8/23,preserved,0,10,7,5,2,39,30,2,0,5,0,0,0,0,0,0,0,0,0,0,0,0,0
8/2/22,RUS-2,TAC,2,11/8/23,preserved,0,12,5,5,1,47,28,1,0,1,0,0,0,0,0,0,0,0,0,0,0,0,0
8/2/22,RUS-2,TAC,3,11/8/23,preserved,0,15,4,4,3,42,20,2,0,10,0,0,0,0,0,0,0,0,0,0,0,0,0
8/17/22,RUS-2,TAC,1,11/20/23,preserved,0.1,25,10,8,2,18,29.8,7,0,0,0,0.1,0,0,0,0,0,0,0,0,0,0,0
8/17/22,RUS-2,TAC,2,11/20/23,preserved,0.1,28,15,9,2,12,25.8,8,0,0,0,0.1,0,0,0,0,0,0,0,0,0,0,0
8/17/22,RUS-2,TAC,3,11/20/23,preserved,0,22,10,9,5,11,35.9,7,0,0,0,0.1,0,0,0,0,0,0,0,0,0,0,0
9/1/22,RUS-2,TAC,1,11/20/23,preserved,1,30,6,7,3,25,18,4,0,0,0,1,0,0,0,0,5,0,0,0,0,0,0
9/1/22,RUS-2,TAC,2,11/20/23,preserved,0,22,7,7,5,20,29,3,0,0,0,1,0,0,0,0,6,0,0,0,0,0,0
9/1/22,RUS-2,TAC,3,11/20/23,preserved,0.1,25,5,4,3,25,33.9,2,0,0,0,1,0,0,0,0,1,0,0,0,0,0,0
9/15/22,RUS-2,TAC,1,11/30/23,preserved,0.1,9,10,4,7,33.9,26,5,0,0,0,2,0,0,0,0,3,0,0,0,0,0,0
9/15/22,RUS-2,TAC,2,11/30/23,preserved,0,12,15,3,6,25,25,7,0,0,0,2,0,0,0,0,5,0,0,0,0,0,0
9/15/22,RUS-2,TAC,3,11/30/23,preserved,0,15,12,3,8,29,22,5,0,0,0,1,0,0,0,0,5,0,0,0,0,0,0
7/20/22,RUS-3,TAC,1,11/7/23,preserved,0,7,6,5,5,59,15,3,0,0,0,0,0,0,0,0,0,0,0,0,0,0,0
7/20/22,RUS-3,TAC,2,11/7/23,preserved,0,9,5,4,6,61,13,2,0,0,0,0,0,0,0,0,0,0,0,0,0,0,0
7/20/22,RUS-3,TAC,3,11/7/23,preserved,0,5,4,3,5,66,15,2,0,0,0,0,0,0,0,0,0,0,0,0,0,0,0
8/2/22,RUS-3,TAC,1,11/9/23,preserved,0,7,6,5,4,54,21,3,0,0,0,0,0,0,0,0,0,0,0,0,0,0,0
8/2/22,RUS-3,TAC,2,11/9/23,preserved,0,10,8,6,2,54,18,2,0,0,0,0,0,0,0,0,0,0,0,0,0,0,0
8/2/22,RUS-3,TAC,3,11/9/23,preserved,0,8,6,5,4,56,18,3,0,0,0,0,0,0,0,0,0,0,0,0,0,0,0
8/17/22,RUS-3,TAC,1,11/20/23,preserved,0,10,14,13,5,12,40,6,0,0,0,0,0,0,0,0,0,0,0,0,0,0,0
8/17/22,RUS-3,TAC,2,11/20/23,preserved,0.1,20,17,16,5,15,18.9,8,0,0,0,0,0,0,0,0,0,0,0,0,0,0,0
8/17/22,RUS-3,TAC,3,11/20/23,preserved,0,18,18,17,6,14,21,5,0,1,0,0,0,0,0,0,0,0,0,0,0,0,0
9/1/22,RUS-3,TAC,1,11/21/23,preserved,0.1,5,8,7,3,45.9,19,3,0,0,0,1,0,0,6,0,2,0,0,0,0,0,0
9/1/22,RUS-3,TAC,2,11/21/23,preserved,0.1,15,10,7,5,34.9,22,4,0,0,0,2,0,0,0,0,0,0,0,0,0,0,0
9/1/22,RUS-3,TAC,3,11/21/23,preserved,0.1,13,10,5,5,32.9,19,4,0,0,0,0,0,0,0,10,1,0,0,0,0,0,0
9/15/22,RUS-3,TAC,1,11/30/23,preserved,0.1,17,10,5,9,26.9,16,6,0,0,0,3,0,0,0,0,7,0,0,0,0,0,0
9/15/22,RUS-3,TAC,2,11/30/23,preserved,0,23,13,5,7,25,10,5,0,0,0,4,0,0,0,0,8,0,0,0,0,0,0
9/15/22,RUS-3,TAC,3,11/30/23,preserved,0.1,24,14,3,6,25.9,12,7,0,0,0,3,0,0,0,0,5,0,0,0,0,0,0
9/22/22,SAL-3,TAC,1,11/30/23,preserved,0.1,20,13,9,8,26.9,18,5,0,0,0,0,0,0,0,0,0,0,0,0,0,0,0
9/22/22,SAL-3,TAC,2,11/30/23,preserved,0.1,23,14,11,7,16.9,20,8,0,0,0,0,0,0,0,0,0,0,0,0,0,0,0
9/22/22,SAL-3,TAC,3,11/30/23,preserved,0.1,19,10,5,7,34.8,17,6,0,0,0,1,0,0,0,0,0.1,0,0,0,0,0,0
7/14/22,SFE-M-1S,TAC,1,11/7/23,preserved,0.1,3,14,15,1,35.8,30,1,0,0,0,0,0,0,0,0,0,0,0,0,0.1,0,0
7/14/22,SFE-M-1S,TAC,2,11/7/23,preserved,0.1,4,14,15,2,37.9,25,2,0,0,0,0,0,0,0,0,0,0,0,0,0,0,0
7/14/22,SFE-M-1S,TAC,3,11/7/23,preserved,0,4,15,16,5,34.8,23,2,0,0.1,0,0,0,0,0,0,0,0,0,0,0.1,0,0
7/28/22,SFE-M-1S,TAC,1,11/7/23,preserved,0.1,10,7,9,1,56.9,14,2,0,0,0,0,0,0,0,0,0,0,0,0,0,0,0
7/28/22,SFE-M-1S,TAC,2,11/7/23,preserved,0.1,10,13,20,1,27.9,25,3,0,0,0,0,0,0,0,0,0,0,0,0,0,0,0
7/28/22,SFE-M-1S,TAC,3,11/7/23,preserved,0.1,12,10,17,1,33.9,22,4,0,0,0,0,0,0,0,0,0,0,0,0,0,0,0
8/10/22,SFE-M-1S,TAC,1,11/9/23,preserved,5,4,3,4,2,10,67,5,0,0,0,0,0,0,0,0,0,0,0,0,0,0,0
8/10/22,SFE-M-1S,TAC,2,11/9/23,preserved,11,8,6,5,4,12,49,5,0,0,0,0,0,0,0,0,0,0,0,0,0,0,0
8/10/22,SFE-M-1S,TAC,3,11/9/23,preserved,15,9,6,5,5,13,41.9,5,0,0,0,0.1,0,0,0,0,0,0,0,0,0,0,0
9/6/22,SFE-M-1S,TAC,1,11/28/23,preserved,0,12,18,10,7,32,13,1,0,7,0,0,0,0,0,0,0,0,0,0,0,0,0
9/6/22,SFE-M-1S,TAC,2,11/28/23,preserved,0.1,20,15,8,6,21.9,18,1,0,10,0,0,0,0,0,0,0,0,0,0,0,0,0
9/6/22,SFE-M-1S,TAC,3,11/28/23,preserved,0,15,16,5,6,35,16,1,0,6,0,0,0,0,0,0,0,0,0,0,0,0,0
9/17/22,SFE-M-1S,TAC,1,11/30/23,preserved,0,10,10,7,6,39,12,3,0,3,5,1,4,0,0,0,0,0,0,0,0,0,0
9/17/22,SFE-M-1S,TAC,2,11/30/23,preserved,0,12,9,5,7,44,15,6,0,0,0,2,0,0,0,0,0,0,0,0,0,0,0
9/17/22,SFE-M-1S,TAC,3,11/30/23,preserved,0,10,12,6,5,39,18,5,2,1,0,2,0,0,0,0,0,0,0,0,0,0,0
7/14/22,SFE-M-3,TAC,1,12/4/23,preserved,0.1,12,8,8,7,30.9,30,3,0,1,0,0,0,0,0,0,0,0,0,0,0,0,0
7/14/22,SFE-M-3,TAC,2,12/4/23,preserved,1,10,13,15,9,22.7,24,5,0,0,0,0,0,0,0.1,0.1,0,0,0,0,0.1,0,0
7/14/22,SFE-M-3,TAC,3,12/4/23,preserved,1,10,15,14,10,19.8,25,5,0,0,0,0,0,0,0,0.1,0,0,0,0,0.1,0,0
7/28/22,SFE-M-3,TAC,1,11/8/23,preserved,2,7,8,9,5,38.9,26,3,0,1,0,0.1,0,0,0,0,0,0,0,0,0,0,0
7/28/22,SFE-M-3,TAC,2,11/8/23,preserved,2,11,9,10,5,36.9,22,4,0,0,0,0.1,0,0,0,0,0,0,0,0,0,0,0
7/28/22,SFE-M-3,TAC,3,11/8/23,preserved,2,12,11,12,5,27.9,24,6,0,0,0,0.1,0,0,0,0,0,0,0,0,0,0,0
8/10/22,SFE-M-3,TAC,1,11/13/23,preserved,0.1,10,15,14,8,9,41.9,2,0,0,0,0,0,0,0,0,0,0,0,0,0,0,0
8/10/22,SFE-M-3,TAC,2,11/13/23,preserved,1,13,12,11,7,12,41,3,0,0,0,0,0,0,0,0,0,0,0,0,0,0,0
8/10/22,SFE-M-3,TAC,3,11/13/23,preserved,0.1,10,10,10,6,8,53.9,2,0,0,0,0,0,0,0,0,0,0,0,0,0,0,0
8/23/22,SFE-M-3,TAC,1,11/20/23,preserved,0.1,5,8,8,2,58.9,15,3,0,0,0,0,0,0,0,0,0,0,0,0,0,0,0
8/23/22,SFE-M-3,TAC,2,11/20/23,preserved,0.1,7,9,10,3,52.8,15,3,0,0,0,0,0,0,0,0,0,0,0,0,0.1,0,0
8/23/22,SFE-M-3,TAC,3,11/20/23,preserved,0.1,9,8,9,7,46.9,16,4,0,0,0,0,0,0,0,0,0,0,0,0,0,0,0
7/14/22,SFE-M-4,TAC,1,11/6/23,preserved,0.1,5,9,10,3,53.9,16,3,0,0,0,0,0,0,0,0,0,0,0,0,0,0,0
7/14/22,SFE-M-4,TAC,2,11/6/23,preserved,0,4,8,9,2,60.9,14,2,0,0,0,0,0,0,0,0,0,0,0,0,0.1,0,0
7/14/22,SFE-M-4,TAC,3,11/6/23,preserved,0,4,6,7,2,61,17,3,0,0,0,0,0,0,0,0,0,0,0,0,0,0,0
7/28/22,SFE-M-4,TAC,1,11/8/23,preserved,1,7,13,14,3,14.9,45,2,0,0,0,0.1,0,0,0,0,0,0,0,0,0,0,0
7/28/22,SFE-M-4,TAC,2,11/8/23,preserved,1,9,9,10,7,29,30,5,0,0,0,0,0,0,0,0,0,0,0,0,0,0,0
7/28/22,SFE-M-4,TAC,3,11/8/23,preserved,1,8,9,10,8,30,29,5,0,0,0,0,0,0,0,0,0,0,0,0,0,0,0
8/10/22,SFE-M-4,TAC,1,11/13/23,preserved,5,16,9,10,4,22,30,3,0,0,0,0,0,0,0,0,0,1,0,0,0,0,0
8/10/22,SFE-M-4,TAC,2,11/13/23,preserved,7,18,10,12,6,23,13,11,0,0,0,0,0,0,0,0,0,0,0,0,0,0,0
8/10/22,SFE-M-4,TAC,3,11/13/23,preserved,6,13,8,7,8,28,21,9,0,0,0,0,0,0,0,0,0,0,0,0,0,0,0
7/10/23,SFE-M-1S,TAC,1,12/5/23,preserved,0,18,6,5,3,2,59,7,0,0,0,0,0,0,0,0,0,0,0,0,0,0,0
7/10/23,SFE-M-1S,TAC,2,12/5/23,preserved,0,20,7,4,3,5,53,8,0,0,0,0,0,0,0,0,0,0,0,0,0,0,0
7/10/23,SFE-M-1S,TAC,3,12/5/23,preserved,0,19,8,3,2,6,53,9,0,0,0,0,0,0,0,0,0,0,0,0,0,0,0
7/17/23,SFE-M-1S,TAC,1,12/5/23,preserved,0,18,8,12,3,20,34,5,0,0,0,0,0,0,0,0,0,0,0,0,0,0,0
7/17/23,SFE-M-1S,TAC,2,12/5/23,preserved,0.1,15,7,13,3,25.9,30,6,0,0,0,0,0,0,0,0,0,0,0,0,0,0,0
7/17/23,SFE-M-1S,TAC,3,12/5/23,preserved,0,17,9,10,3,26,28,7,0,0,0,0,0,0,0,0,0,0,0,0,0,0,0
7/24/23,SFE-M-1S,TAC,1,12/6/23,preserved,0,11,15,17,2,25,20,7,0,0,0,0,0,3,0,0,0,0,0,0,0,0,0
7/24/23,SFE-M-1S,TAC,2,12/6/23,preserved,0,6,5,8,2,16,60,3,0,0,0,0,0,0,0,0,0,0,0,0,0,0,0
7/24/23,SFE-M-1S,TAC,3,12/6/23,preserved,0,12,9,10,3,36,23,7,0,0,0,0,0,0,0,0,0,0,0,0,0,0,0
7/31/23,SFE-M-1S,TAC,1,3/20/24,preserved,6,17,10,10,3,25,19.8,2,0,0,0,0,0,0,0,0,0,3,0.1,0,0.1,4,0
7/31/23,SFE-M-1S,TAC,2,3/20/24,preserved,8,13,12,14,3,20,12,4,0,0,0,0,0,0,0,0,0,10,1,0,0,3,0
7/31/23,SFE-M-1S,TAC,3,3/20/24,preserved,5,10,10,20,3,12,31,2,0,0,0,0,0,0,0,0,0,5,1,0,0,1,0
8/7/23,SFE-M-1S,TAC,1,12/12/23,preserved,3,18,8,10,4,8,28.9,5,0,0,0.1,0,0,15,0,0,0,0,0,0,0,0,0
8/7/23,SFE-M-1S,TAC,2,12/12/23,preserved,2,20,5,8,3,10,29,6,0,0,0,0,0,17,0,0,0,0,0,0,0,0,0
8/7/23,SFE-M-1S,TAC,3,12/12/23,preserved,2,15,7,15,3,18,30,7,0,0,0,0,0,3,0,0,0,0,0,0,0,0,0
8/14/23,SFE-M-1S,TAC,1,12/14/23,preserved,7,12,7,8,3,10,47.9,5,0,0,0,0.1,0,0,0,0,0,0,0,0,0,0,0
8/14/23,SFE-M-1S,TAC,2,12/14/23,preserved,9,15,10,12,4,13,29.9,7,0,0,0,0.1,0,0,0,0,0,0,0,0,0,0,0
8/14/23,SFE-M-1S,TAC,3,12/14/23,preserved,10,7,5,8,3,15,44.9,7,0,0,0,0.1,0,0,0,0,0,0,0,0,0,0,0
8/22/23,SFE-M-1S,TAC,1,12/15/23,preserved,5,30,5,7,4,8,34,4,0,0,0,0,0,3,0,0,0,0,0,0,0,0,0
8/22/23,SFE-M-1S,TAC,2,12/15/23,preserved,8,26,9,9,5,10,26,7,0,0,0,0,0,0,0,0,0,0,0,0,0,0,0
8/22/23,SFE-M-1S,TAC,3,12/15/23,preserved,9,22,11,10,5,12,23.9,7,0,0,0,0.1,0,0,0,0,0,0,0,0,0,0,0
8/28/23,SFE-M-1S,TAC,1,12/18/23,preserved,10,7,4,8,4,47,15,5,0,0,0,0,0,0,0,0,0,0,0,0,0,0,0
8/28/23,SFE-M-1S,TAC,2,12/18/23,preserved,10,16,5,7,6,9,43,4,0,0,0,0,0,0,0,0,0,0,0,0,0,0,0
8/28/23,SFE-M-1S,TAC,3,12/18/23,preserved,11,10,5,7,5,8,50,3,0,0,0,0,0,0,0,0,1,0,0,0,0,0,0
9/4/23,SFE-M-1S,TAC,1,12/19/23,preserved,0,8,4,7,3,5,70,2,0,0,0,1,0,0,0,0,0,0,0,0,0,0,0
9/4/23,SFE-M-1S,TAC,2,12/19/23,preserved,1,15,4,6,4,7,60,3,0,0,0,0,0,0,0,0,0,0,0,0,0,0,0
9/4/23,SFE-M-1S,TAC,3,12/19/23,preserved,2,16,6,8,4,10,48,5,0,0,0,1,0,0,0,0,0,0,0,0,0,0,0
9/12/23,SFE-M-1S,TAC,1,12/20/23,preserved,0.1,20,5,4,3,7,50.8,3,0,0,0,0,0,7,0,0.1,0,0,0,0,0,0,0
9/12/23,SFE-M-1S,TAC,2,12/20/23,preserved,0.1,21,4,3,5,6,56.9,4,0,0,0,0,0,0,0,0,0,0,0,0,0,0,0
9/12/23,SFE-M-1S,TAC,3,12/20/23,preserved,0,19,4,2,7,9,17,10,0,0,0,0,0,32,0,0,0,0,0,0,0,0,0
9/18/23,SFE-M-1S,TAC,1,12/20/23,preserved,0,12,3,2,3,2,70.9,7,0,0,0,0.1,0,0,0,0,0,0,0,0,0,0,0
9/18/23,SFE-M-1S,TAC,2,12/20/23,preserved,0,15,3,3,4,3,64,8,0,0,0,0,0,0,0,0,0,0,0,0,0,0,0
9/18/23,SFE-M-1S,TAC,3,12/20/23,preserved,0,17,7,3,5,2,59,7,0,0,0,0,0,0,0,0,0,0,0,0,0,0,0
9/24/23,SFE-M-1S,TAC,1,12/21/23,preserved,0,20,7,4,5,3,53,8,0,0,0,0,0,0,0,0,0,0,0,0,0,0,0
9/24/23,SFE-M-1S,TAC,2,12/21/23,preserved,0.1,17,3,3,5,4,62.8,5,0,0,0,0.1,0,0,0,0,0,0,0,0,0,0,0
9/24/23,SFE-M-1S,TAC,3,12/21/23,preserved,0,8,4,5,5,3,68,7,0,0,0,0,0,0,0,0,0,0,0,0,0,0,0
7/24/23,SFE-M-2,TAC,1,12/7/23,preserved,0.1,18,7,9,8,12.8,30,15,0,0,0,0.1,0,0,0,0,0,0,0,0,0,0,0
7/24/23,SFE-M-2,TAC,2,12/7/23,preserved,1,15,10,12,7,7.8,32,15,0,0,0,0.1,0,0,0,0,0.1,0,0,0,0,0,0
7/24/23,SFE-M-2,TAC,3,12/7/23,preserved,1,17,5,12,6,5.9,38,15,0,0,0,0.1,0,0,0,0,0,0,0,0,0,0,0
7/31/23,SFE-M-2,TAC,1,3/20/23,preserved,6,12,8,10,3,18.9,23,3,0,0,0,1,0,0,0,0,0,15,0.1,0,0,0,0
7/31/23,SFE-M-2,TAC,2,3/20/23,preserved,5,13,10,12,4,17,25,0,0,0,0,2,0,0,0,0,0,11,1,0,0,0,0
7/31/23,SFE-M-2,TAC,3,3/20/23,preserved,6,15,10,10,3,15,28,0,0,0,0,3,0,0,0,0,0,9,1,0,0,0,0
8/7/23,SFE-M-2,TAC,1,12/11/23,preserved,2,19,3,15,3,5,53,0,0,0,0,0,0,0,0,0,0,0,0,0,0,0,0
8/7/23,SFE-M-2,TAC,2,12/11/23,preserved,3,25,5,12,4,5,46,0,0,0,0,0,0,0,0,0,0,0,0,0,0,0,0
8/7/23,SFE-M-2,TAC,3,12/11/23,preserved,1,22,4,12,3,4,54,0,0,0,0,0,0,0,0,0,0,0,0,0,0,0,0
8/14/23,SFE-M-2,TAC,1,3/21/24,preserved,7,16,9,12,2,17,29.8,3,0,0,0,0,0,0,0,0,0.1,3,1,0,0,0.1,0
8/14/23,SFE-M-2,TAC,2,3/21/24,preserved,7,17,9,11,3,15,27.8,4,0,0,0,0.1,0,0,0,0,0,5,1,0,0,0.1,0
8/14/23,SFE-M-2,TAC,3,3/21/24,preserved,5,12,17,11,3,20,24,3,0,0,0,0,0,0,0,0,0,3,2,0,0,0,0
8/22/23,SFE-M-2,TAC,1,12/15/23,preserved,5,17,7,8,4,3,48.9,7,0,0,0,0,0,0,0,0,0.1,0,0,0,0,0,0
8/22/23,SFE-M-2,TAC,2,12/15/23,preserved,6,15,6,7,5,4,50,7,0,0,0,0,0,0,0,0,0,0,0,0,0,0,0
8/22/23,SFE-M-2,TAC,3,12/15/23,preserved,7,13,6,6,5,3,52.8,7,0,0,0,0.1,0,0,0,0,0.1,0,0,0,0,0,0
9/4/23,SFE-M-2,TAC,1,3/26/24,preserved,1,25,9,7,3,6,35.8,5,0,0,0,8,0,0,0,0,0.1,0,0.1,0,0,0,0
9/4/23,SFE-M-2,TAC,2,3/26/24,preserved,1,20,12,6,5,5,29.7,6,0.1,0.1,0,15,0,0,0,0,0.1,0,0,0,0,0,0
9/4/23,SFE-M-2,TAC,3,3/26/24,preserved,0.1,20,15,5,6,5,22.8,8,0,1,0,16,0,0,0,0,0.1,0,1,0,0,0,0
9/18/23,SFE-M-2,TAC,1,3/24/24,preserved,3,13,16,10,3,4,39,4,0,0,0,7,0,0,0,0,0,0,1,0,0,0,0
9/18/23,SFE-M-2,TAC,2,3/24/24,preserved,1,13,21,5,3,23,20,5,0,0,0,8,0,0,0,0,0,0,1,0,0,0,0
9/18/23,SFE-M-2,TAC,3,3/24/24,preserved,3,15,18,6,4,6,33,5,0,0,0,9,0,0,0,0,0,0,1,0,0,0,0
9/24/23,SFE-M-2,TAC,1,3/26/24,preserved,0.1,20,7,4,3,5,51.8,3,0,0,0,6,0,0,0,0,0,0,0.1,0,0,0,0
9/24/23,SFE-M-2,TAC,2,3/26/24,preserved,0.1,21,7,6,3,5,46.6,4,0,0.1,0,7,0,0,0,0,0,0,0.1,0,0,0,0.1
9/24/23,SFE-M-2,TAC,3,3/26/24,preserved,0.1,23,4,5,3,3,49.8,5,0,0,0,7,0,0,0,0,0,0,0.1,0,0,0,0
7/24/23,SFE-M-3,TAC,1,12/7/23,preserved,0,16,8,15,7,29,18,5,0,1,0,0,0,1,0,0,0,0,0,0,0,0,0
7/24/23,SFE-M-3,TAC,2,12/7/23,preserved,0,15,8,16,7,20,17,5,0,9,0,0,0,3,0,0,0,0,0,0,0,0,0
7/24/23,SFE-M-3,TAC,3,12/7/23,preserved,0,18,7,12,7,8,37,4,0,5,0,0,0,2,0,0,0,0,0,0,0,0,0
7/31/23,SFE-M-3,TAC,1,3/21/24,preserved,6,13,8,12,4,18,26,2,0,5,0,0,0,0,0,0,0,4,1,0,0,1,0
7/31/23,SFE-M-3,TAC,2,3/21/24,preserved,7,15,7,9,3,18,29,3,0,4,0,0,0,0,0,0,0,3,2,0,0,0,0
7/31/23,SFE-M-3,TAC,3,3/21/24,preserved,7,7,3,17,2,20,31.8,1,0,4,0.1,0,0,0,0,0,0.1,3,4,0,0,0,0
8/7/23,SFE-M-3,TAC,1,12/12/23,preserved,2,20,7,10,3,18,32,0,0,8,0,0,0,0,0,0,0,0,0,0,0,0,0
8/7/23,SFE-M-3,TAC,2,12/12/23,preserved,2,18,10,12,3,15,36.9,0,0,3,0,0,0,0,0,0,0,0,0,0,0.1,0,0
8/7/23,SFE-M-3,TAC,3,12/12/23,preserved,2,20,9,10,7,12,32,0,0,8,0,0,0,0,0,0,0,0,0,0,0,0,0
8/14/23,SFE-M-3,TAC,1,12/14/23,preserved,7,20,9,15,6,18,19.8,5,0,0,0.1,0,0,0,0,0,0,0,0,0,0.1,0,0
8/14/23,SFE-M-3,TAC,2,12/14/23,preserved,4,17,10,11,15,12,22.8,5,0,3,0.1,0.1,0,0,0,0,0,0,0,0,0,0,0
8/14/23,SFE-M-3,TAC,3,12/14/23,preserved,5,7,9,16,17,11,24.9,8,0,2,0,0.1,0,0,0,0,0,0,0,0,0,0,0
8/22/23,SFE-M-3,TAC,1,12/15/23,preserved,9,12,8,7,3,10,46,5,0,0,0,0,0,0,0,0,0,0,0,0,0,0,0
8/22/23,SFE-M-3,TAC,2,12/15/23,preserved,7,15,8,20,5,11,28,6,0,0,0,0,0,0,0,0,0,0,0,0,0,0,0
8/22/23,SFE-M-3,TAC,3,12/15/23,preserved,10,16,10,20,6,9,21.9,7,0,0,0,0,0,0,0,0,0,0,0,0,0.1,0,0
8/28/23,SFE-M-3,TAC,1,12/18/23,preserved,0,20,7,12,5,6,40,10,0,0,0,0,0,0,0,0,0,0,0,0,0,0,0
8/28/23,SFE-M-3,TAC,2,12/18/23,preserved,7,25,10,15,8,12,14,9,0,0,0,0,0,0,0,0,0,0,0,0,0,0,0
8/28/23,SFE-M-3,TAC,3,12/18/23,preserved,7,21,9,13,7,15,11,12,0,5,0,0,0,0,0,0,0,0,0,0,0,0,0
7/10/23,SFE-M-4,TAC,1,12/5/23,preserved,0,30,8,6,5,5,43,3,0,0,0,0,0,0,0,0,0,0,0,0,0,0,0
7/10/23,SFE-M-4,TAC,2,12/5/23,preserved,0.1,32,10,9,4,6,35.9,3,0,0,0,0,0,0,0,0,0,0,0,0,0,0,0
7/10/23,SFE-M-4,TAC,3,12/5/23,preserved,0.1,35,11,10,4,7,28.9,4,0,0,0,0,0,0,0,0,0,0,0,0,0,0,0
7/17/23,SFE-M-4,TAC,1,12/6/23,preserved,0,10,10,12,5,7,53,3,0,0,0,0,0,0,0,0,0,0,0,0,0,0,0
7/17/23,SFE-M-4,TAC,2,12/6/23,preserved,0,15,9,13,6,5,49,3,0,0,0,0,0,0,0,0,0,0,0,0,0,0,0
7/17/23,SFE-M-4,TAC,3,12/6/23,preserved,0,17,10,15,8,6,40,4,0,0,0,0,0,0,0,0,0,0,0,0,0,0,0
7/24/23,SFE-M-4,TAC,1,12/11/23,preserved,0,12,9,10,5,10,48,6,0,0,0,0,0,0,0,0,0,0,0,0,0,0,0
7/24/23,SFE-M-4,TAC,2,12/11/23,preserved,0.1,18,7,15,6,10,35.8,8,0,0,0,0,0,0,0,0.1,0,0,0,0,0,0,0
7/24/23,SFE-M-4,TAC,3,12/11/23,preserved,0,20,5,18,5,9,34.9,8,0,0,0.1,0,0,0,0,0,0,0,0,0,0,0,0
7/31/23,SFE-M-4,TAC,1,3/22/24,preserved,5,18,8,19,3,10,22,2,0,0,3,0,0,4,0,0,0,5,1,0,0,0,0
7/31/23,SFE-M-4,TAC,2,3/22/24,preserved,6,8,7,22,3,5,44.9,3,0,0,0.1,0,0,0,0,0,0,1,0,0,0,0,0
7/31/23,SFE-M-4,TAC,3,3/22/24,preserved,8,10,8,23,4,9,27,2,0,0,7,0,0,0,0,0,0,1,1,0,0,0,0
8/7/23,SFE-M-4,TAC,1,12/12/23,preserved,3,15,9,7,3,6,52,5,0,0,0,0,0,0,0,0,0,0,0,0,0,0,0
8/7/23,SFE-M-4,TAC,2,12/12/23,preserved,5,17,9,8,4,7,43.8,6,0,0,0,0.1,0,0,0,0,0,0,0,0,0.1,0,0
8/7/23,SFE-M-4,TAC,3,12/12/23,preserved,5,15,10,12,3,6,41.9,7,0,0,0,0.1,0,0,0,0,0,0,0,0,0,0,0
8/14/23,SFE-M-4,TAC,1,12/14/23,preserved,6,21,7,13,5,25,13,6,0,0,0,1,0,0,0,0,3,0,0,0,0,0,0
8/14/23,SFE-M-4,TAC,2,12/14/23,preserved,7,16,9,15,8,17,21,4,0,0,0,1,0,0,0,0,2,0,0,0,0,0,0
8/14/23,SFE-M-4,TAC,3,12/14/23,preserved,9,12,8,16,5,22.9,18,6,0,0,0,0,0,0,0,0.1,3,0,0,0,0,0,0
8/22/23,SFE-M-4,TAC,1,12/18/23,preserved,2,12,13,15,5,10,29.9,4,0,0,0.1,1,0,0,0,0,8,0,0,0,0,0,0
8/22/23,SFE-M-4,TAC,2,12/18/23,preserved,2,7,5,8,2,9,57,3,0,0,0,1,0,0,0,0,6,0,0,0,0,0,0
8/22/23,SFE-M-4,TAC,3,12/18/23,preserved,3,10,5,9,6,7,48,4,0,0,0,1,0,0,0,0,7,0,0,0,0,0,0
7/24/23,SFE-SH-1S,TAC,1,12/6/23,preserved,0.1,10,11,12,2,31.9,25,3,0,0,0,0,0,5,0,0,0,0,0,0,0,0,0
7/24/23,SFE-SH-1S,TAC,2,12/6/23,preserved,0.1,15,13,11,5,20.8,30,5,0,0,0,0.1,0,0,0,0,0,0,0,0,0,0,0
7/24/23,SFE-SH-1S,TAC,3,12/6/23,preserved,0,12,10,9,3,25,33,3,0,0,0,0,0,5,0,0,0,0,0,0,0,0,0
7/31/23,SFE-SH-1S,TAC,1,3/19/24,preserved,0,12,9,15,2,18,39.8,3,0,0,0.1,0,0,0,0,0,0,0,1,0,0.1,0,0
7/31/23,SFE-SH-1S,TAC,2,3/19/24,preserved,0,17,7,14,3,11,44,3,0,0,0,0,0,0,0,0,0,0,1,0,0,0,0
7/31/23,SFE-SH-1S,TAC,3,3/19/24,preserved,0,16,10,15,3,17,31.9,5,0,0,0,0,0,0,0,0,0,1,1,0,0.1,0,0
8/7/23,SFE-SH-1S,TAC,1,3/19/24,preserved,0.1,9,9,15,2,20,37.9,3,0,0,0,0,0,0,0,0,0,1,3,0,0,0,0
8/7/23,SFE-SH-1S,TAC,2,3/19/24,preserved,0.1,11,10,20,2,20,29.9,4,0,0,0,0,0,0,0,0,0,1,2,0,0,0,0
8/7/23,SFE-SH-1S,TAC,3,3/19/24,preserved,0,13,14,25,1,18,23.9,4,0,0,0,0,0,0,0,0,0,1,0,0,0.1,0,0
8/14/23,SFE-SH-1S,TAC,1,12/14/23,preserved,5,15,9,20,10,5,28,7,0,0,0,0,0,0,0,0,0,0,0,1,0,0,0
8/14/23,SFE-SH-1S,TAC,2,12/14/23,preserved,4,14,10,16,11,7,6.9,6,0,17,0,0.1,0,0,0,0,0,0,0,8,0,0,0
8/14/23,SFE-SH-1S,TAC,3,12/14/23,preserved,3,9,10,17,12,8,33.9,7,0,0,0,0.1,0,0,0,0,0,0,0,0,0,0,0
8/22/23,SFE-SH-1S,TAC,1,3/19/24,preserved,7,6,10,15,3,35.9,16,3,0,0,3,0.1,0,0,0,0,0,0,1,0,0,0,0
8/22/23,SFE-SH-1S,TAC,2,3/19/24,preserved,3,7,10,16,5,35.9,16,3,0,0,2,0,0,0,0,0,0,1,1,0,0,0.1,0
8/22/23,SFE-SH-1S,TAC,3,3/19/24,preserved,4,10,14,18,5,27.9,15,4,0,0,0,0.1,0,0,0,0,0,1,1,0,0,0,0
9/18/23,SFE-SH-1S,TAC,1,12/20/23,preserved,6,10,5,7,3,34,29.9,5,0,0,0,0,0,0,0,0,0,0,0,0.1,0,0,0
9/18/23,SFE-SH-1S,TAC,2,12/20/23,preserved,5,7,7,5,6,37,27.9,5,0,0,0,0,0,0,0,0,0,0,0,0.1,0,0,0
9/18/23,SFE-SH-1S,TAC,3,12/20/23,preserved,1,6,7,8,4,45.8,22,5,0,0,0,0.1,0,0,0,0,0,1,0.1,0,0,0,0
9/24/23,SFE-SH-1S,TAC,1,12/21/23,preserved,2,8,3,5,6,10,54,7,0,0,0,0,0,0,0,0,0,5,0,0,0,0,0
9/24/23,SFE-SH-1S,TAC,2,12/21/23,preserved,3,9,12,4,5,20,32,8,0,0,0,0,0,0,0,0,0,7,0,0,0,0,0
9/24/23,SFE-SH-1S,TAC,3,12/21/23,preserved,4,15,5,7,7,18,30.9,8,0,0,0,0.1,0,0,0,0,0,5,0,0,0,0,0
7/2/24,SFE-M-1S,TM,1,1/24/25,NA,29.9,64,5,0,0,1,0,0,0,0.1,0,NA,NA,NA,NA,NA,NA,NA,NA,NA,NA,NA,NA
7/2/24,SFE-M-1S,TM,2,1/24/25,NA,39.9,50,10,0,0,0,0,0,0,0.1,0,NA,NA,NA,NA,NA,NA,NA,NA,NA,NA,NA,NA
7/2/24,SFE-M-1S,TM,3,1/24/25,NA,39.9,50,10,0,0,0,0,0,0,0.1,0,NA,NA,NA,NA,NA,NA,NA,NA,NA,NA,NA,NA
7/2/24,SFE-M-2,TM,1,1/27/25,NA,70,13,2,0,0,0,0,0,0,15,0,NA,NA,NA,NA,NA,NA,NA,NA,NA,NA,NA,NA
7/2/24,SFE-M-2,TM,2,1/27/25,NA,2,0,97,0,0,1,0,0,0,0,0,NA,NA,NA,NA,NA,NA,NA,NA,NA,NA,NA,NA
7/2/24,SFE-M-2,TM,3,1/27/25,NA,20,0,80,0,0,0,0,0,0,0,0,NA,NA,NA,NA,NA,NA,NA,NA,NA,NA,NA,NA
7/2/24,SFE-M-3,TM,1,1/28/25,NA,68,0,30,1,0,1,0,0,0,0,0,NA,NA,NA,NA,NA,NA,NA,NA,NA,NA,NA,NA
7/2/24,SFE-M-3,TM,2,1/28/25,NA,50,0,50,0,0,0,0,0,0,0,0,NA,NA,NA,NA,NA,NA,NA,NA,NA,NA,NA,NA
7/2/24,SFE-M-3,TM,3,1/28/25,NA,30,5,63,0,1,1,0,0,0,0,0,NA,NA,NA,NA,NA,NA,NA,NA,NA,NA,NA,NA
7/2/24,SFE-M-4,TM,1,1/28/25,NA,49.9,10,40,0,0,0.1,0,0,0,0,0,NA,NA,NA,NA,NA,NA,NA,NA,NA,NA,NA,NA
7/2/24,SFE-M-4,TM,2,1/28/25,NA,69.9,10,20,0,0,0.1,0,0,0,0,0,NA,NA,NA,NA,NA,NA,NA,NA,NA,NA,NA,NA
7/2/24,SFE-M-4,TM,3,1/28/25,NA,29.9,0,70,0,0,0.1,0,0,0,0,0,NA,NA,NA,NA,NA,NA,NA,NA,NA,NA,NA,NA
7/17/24,SFE-M-1S,TM,1,1/30/25,NA,80,0,18,0,0,2,0,0,0,0,0,NA,NA,NA,NA,NA,NA,NA,NA,NA,NA,NA,NA
7/17/24,SFE-M-1S,TM,2,1/30/25,NA,44,0,5,0,0,50,0,1,0,0,0,NA,NA,NA,NA,NA,NA,NA,NA,NA,NA,NA,NA
7/17/24,SFE-M-1S,TM,3,1/30/25,NA,10,0,80,2,1,5,0,1,0,0,1,NA,NA,NA,NA,NA,NA,NA,NA,NA,NA,NA,NA
7/17/24,SFE-M-1S,TAC,1,1/30/25,NA,0,0,20,0,2,40,30.9,7,0.1,0,0,NA,NA,NA,NA,NA,NA,NA,NA,NA,NA,NA,NA
7/17/24,SFE-M-1S,TAC,2,1/30/25,NA,0,0,25,0,0,30,39.9,5,0.1,0,0,NA,NA,NA,NA,NA,NA,NA,NA,NA,NA,NA,NA
7/17/24,SFE-M-1S,TAC,3,1/30/25,NA,0,0,18,2,5,35,34.9,5,0.1,0,0,NA,NA,NA,NA,NA,NA,NA,NA,NA,NA,NA,NA
7/17/24,SFE-M-2,TM,1,2/6/25,NA,30,7,48,0,5,10,0,0,0,0,0,NA,NA,NA,NA,NA,NA,NA,NA,NA,NA,NA,NA
7/17/24,SFE-M-2,TM,2,2/6/25,NA,85,4,10,0,0,1,0,0,0,0,0,NA,NA,NA,NA,NA,NA,NA,NA,NA,NA,NA,NA
7/17/24,SFE-M-2,TM,3,2/6/25,NA,90,2,8,0,0,0,0,0,0,0,0,NA,NA,NA,NA,NA,NA,NA,NA,NA,NA,NA,NA
7/17/24,SFE-M-3,TM,1,2/6/25,NA,50,1,45,0,2,2,0,0,0,0,0,NA,NA,NA,NA,NA,NA,NA,NA,NA,NA,NA,NA
7/17/24,SFE-M-3,TM,2,2/6/25,NA,45,2,45,0,3,5,0,0,0,0,0,NA,NA,NA,NA,NA,NA,NA,NA,NA,NA,NA,NA
7/17/24,SFE-M-3,TM,3,2/6/25,NA,15,25,39,0,1,20,0,0,0,0,0,NA,NA,NA,NA,NA,NA,NA,NA,NA,NA,NA,NA
7/17/24,SFE-M-4,TM,1,2/6/25,NA,25,30,40,0,0,0,0,5,0,0,0,NA,NA,NA,NA,NA,NA,NA,NA,NA,NA,NA,NA
7/17/24,SFE-M-4,TM,2,2/6/25,NA,30,40,30,0,0,0,0,0,0,0,0,NA,NA,NA,NA,NA,NA,NA,NA,NA,NA,NA,NA
7/17/24,SFE-M-4,TM,3,2/6/25,NA,90,3,4,0,1,2,0,0,0,0,0,NA,NA,NA,NA,NA,NA,NA,NA,NA,NA,NA,NA
7/31/24,SFE-M-1S,TM,1,2/7/25,NA,77,2,10,1,0,2,1,7,0,0,0,NA,NA,NA,NA,NA,NA,NA,NA,NA,NA,NA,NA
7/31/24,SFE-M-1S,TM,2,2/7/25,NA,43,20,30,2,0,5,0,0,0,0,0,NA,NA,NA,NA,NA,NA,NA,NA,NA,NA,NA,NA
7/31/24,SFE-M-1S,TM,3,2/7/25,NA,62,11,20,5,0,2,0,0,0,0,0,NA,NA,NA,NA,NA,NA,NA,NA,NA,NA,NA,NA
7/31/24,SFE-M-1S,TAC,1,3/27/25,NA,0,2,12,6,2,20,54.9,2,0.1,1,0,NA,NA,NA,NA,NA,NA,NA,NA,NA,NA,NA,NA
7/31/24,SFE-M-1S,TAC,2,3/27/25,NA,0,1,10,5,4,25,49.9,2,0.1,2,1,NA,NA,NA,NA,NA,NA,NA,NA,NA,NA,NA,NA
7/31/24,SFE-M-1S,TAC,3,3/27/25,NA,0,1,2,2,0,0,94.9,0,0.1,0,0,NA,NA,NA,NA,NA,NA,NA,NA,NA,NA,NA,NA
7/31/24,SFE-M-2,TM,1,2/11/25,NA,39,5,55,0,1,2,0,0,0,0,0,NA,NA,NA,NA,NA,NA,NA,NA,NA,NA,NA,NA
7/31/24,SFE-M-2,TM,2,2/11/25,NA,34,3,60,0,5,5,0,0,0,0,0,NA,NA,NA,NA,NA,NA,NA,NA,NA,NA,NA,NA
7/31/24,SFE-M-2,TM,3,2/11/25,NA,35,10,45,0,1,0,0,0,0,0,0,NA,NA,NA,NA,NA,NA,NA,NA,NA,NA,NA,NA
7/31/24,SFE-M-2,TAC,1,2/11/25,NA,0,1,2,4,0.1,1,84.8,7,0,0.1,0,NA,NA,NA,NA,NA,NA,NA,NA,NA,NA,NA,NA
7/31/24,SFE-M-3,TM,1,2/11/25,NA,90,5,3,0,1,1,0,0,0,0,0,NA,NA,NA,NA,NA,NA,NA,NA,NA,NA,NA,NA
7/31/24,SFE-M-3,TM,2,2/11/25,NA,49,4,45,0,2,0,0,0,0,0,0,NA,NA,NA,NA,NA,NA,NA,NA,NA,NA,NA,NA
7/31/24,SFE-M-3,TM,3,2/11/25,NA,60,10,28,0.5,1,0.5,0,0,0,0,0,NA,NA,NA,NA,NA,NA,NA,NA,NA,NA,NA,NA
7/31/24,SFE-M-3,TAC,1,2/11/25,NA,0,5,7,3,0.1,30,37.9,17,0,0,0,NA,NA,NA,NA,NA,NA,NA,NA,NA,NA,NA,NA
7/31/24,SFE-M-3,TAC,2,2/11/25,NA,0,2,5,25,0.1,34,23.9,10,0,0,0,NA,NA,NA,NA,NA,NA,NA,NA,NA,NA,NA,NA
7/31/24,SFE-M-4,TM,1,2/13/25,NA,44,7,45,0,0,3,1,0,0,0,0,NA,NA,NA,NA,NA,NA,NA,NA,NA,NA,NA,NA
7/31/24,SFE-M-4,TM,2,2/13/25,NA,49,1,49,0,0,1,0,0,0,0,0,NA,NA,NA,NA,NA,NA,NA,NA,NA,NA,NA,NA
7/31/24,SFE-M-4,TM,3,2/13/25,NA,20,10,65,0,0,5,0,0,0,0,0,NA,NA,NA,NA,NA,NA,NA,NA,NA,NA,NA,NA
7/31/24,SFE-M-4,TAC,1,2/13/25,NA,0,5,5,0,0.1,5,34.9,3,0,60,2,NA,NA,NA,NA,NA,NA,NA,NA,NA,NA,NA,NA
7/31/24,SFE-M-4,TAC,2,2/13/25,NA,0,13,4,2,0.1,1,64.9,15,0,0,0,NA,NA,NA,NA,NA,NA,NA,NA,NA,NA,NA,NA
7/31/24,SFE-M-4,TAC,3,2/13/25,NA,0,4,3,1,0.1,2,69.9,20,0,0,0,NA,NA,NA,NA,NA,NA,NA,NA,NA,NA,NA,NA
8/14/24,SFE-M-1S,TM,1,2/25/25,NA,14.9,5,70,2,1,7,0.1,0,0,0,0,NA,NA,NA,NA,NA,NA,NA,NA,NA,NA,NA,NA
8/14/24,SFE-M-1S,TM,2,2/25/25,NA,88,5,5,0,0,2,0,0,0,0,0,NA,NA,NA,NA,NA,NA,NA,NA,NA,NA,NA,NA
8/14/24,SFE-M-1S,TM,3,2/25/25,NA,73.9,2,15,3,1,5,0.1,0,0,0,0,NA,NA,NA,NA,NA,NA,NA,NA,NA,NA,NA,NA
8/14/24,SFE-M-1S,TAC,1,2/25/25,NA,0.1,10,7,1,1,5,65.8,10,0.1,0,0,NA,NA,NA,NA,NA,NA,NA,NA,NA,NA,NA,NA
8/14/24,SFE-M-1S,TAC,2,2/25/25,NA,0.1,2,12,10,1,28,42.8,4,0.1,0,0,NA,NA,NA,NA,NA,NA,NA,NA,NA,NA,NA,NA
8/14/24,SFE-M-1S,TAC,3,2/25/25,NA,0.1,1,10,2,1,10,69.8,6,0.1,0,0,NA,NA,NA,NA,NA,NA,NA,NA,NA,NA,NA,NA
8/14/24,SFE-M-2,TM,1,2/25/25,NA,53.9,2,10,7,0,27,0.1,0,0,0,0,NA,NA,NA,NA,NA,NA,NA,NA,NA,NA,NA,NA
8/14/24,SFE-M-2,TM,2,2/25/25,NA,68,10,12,1,3,1,5,0,0,0,0,NA,NA,NA,NA,NA,NA,NA,NA,NA,NA,NA,NA
8/14/24,SFE-M-2,TM,3,2/25/25,NA,53,20,20,1,3,2,1,0,0,0,0,NA,NA,NA,NA,NA,NA,NA,NA,NA,NA,NA,NA
8/14/24,SFE-M-2,TAC,1,2/25/25,NA,0,2,20,2,1,20,45,10,0,0,0,NA,NA,NA,NA,NA,NA,NA,NA,NA,NA,NA,NA
8/14/24,SFE-M-2,TAC,2,2/25/25,NA,0,10,5,1,2,10,52,20,0,0,0,NA,NA,NA,NA,NA,NA,NA,NA,NA,NA,NA,NA
8/14/24,SFE-M-2,TAC,3,2/25/25,NA,0,3,5,3,5,2,75,7,0,0,0,NA,NA,NA,NA,NA,NA,NA,NA,NA,NA,NA,NA
8/14/24,SFE-M-3,TM,1,3/6/25,NA,77.4,0.5,10,0,2,10,0,0,0,0,0.1,NA,NA,NA,NA,NA,NA,NA,NA,NA,NA,NA,NA
8/14/24,SFE-M-3,TM,2,3/6/25,NA,45.9,3,32,6,1,10,2,0,0,0,0.1,NA,NA,NA,NA,NA,NA,NA,NA,NA,NA,NA,NA
8/14/24,SFE-M-3,TM,3,3/6/25,NA,92.9,1,5,0,0,1,0,0,0,0,0.1,NA,NA,NA,NA,NA,NA,NA,NA,NA,NA,NA,NA
8/14/24,SFE-M-3,TAC,1,3/6/25,NA,0,2,5,10,2,74,6.5,0.5,0,0,0,NA,NA,NA,NA,NA,NA,NA,NA,NA,NA,NA,NA
8/14/24,SFE-M-3,TAC,2,3/6/25,NA,0,1,15,0,3,78,2,1,0,0,0,NA,NA,NA,NA,NA,NA,NA,NA,NA,NA,NA,NA
8/14/24,SFE-M-3,TAC,3,3/6/25,NA,0.5,1,7,2,1,15,68,5,0,0,0.5,NA,NA,NA,NA,NA,NA,NA,NA,NA,NA,NA,NA
8/14/24,SFE-M-4,TM,1,3/6/25,NA,55.8,3,36,1,0.1,4,0.1,0,0,0,0,NA,NA,NA,NA,NA,NA,NA,NA,NA,NA,NA,NA
8/14/24,SFE-M-4,TM,2,3/6/25,NA,34.8,15,46,2,0.1,2,0.1,0,0,0,0,NA,NA,NA,NA,NA,NA,NA,NA,NA,NA,NA,NA
8/14/24,SFE-M-4,TM,3,3/6/25,NA,36.8,15,46,1,0.1,1,0.1,0,0,0,0,NA,NA,NA,NA,NA,NA,NA,NA,NA,NA,NA,NA
8/14/24,SFE-M-4,TAC,1,3/6/25,NA,0.1,6,5,2,1,5,74.8,6,0,0,0.1,NA,NA,NA,NA,NA,NA,NA,NA,NA,NA,NA,NA
8/14/24,SFE-M-4,TAC,2,3/6/25,NA,0.1,5,11,2,2,2,75.8,2,0,0,0.1,NA,NA,NA,NA,NA,NA,NA,NA,NA,NA,NA,NA
8/14/24,SFE-M-4,TAC,3,3/6/25,NA,0.1,20,10,1,5,7,49.8,7,0,0,0.1,NA,NA,NA,NA,NA,NA,NA,NA,NA,NA,NA,NA
8/26/24,SFE-M-1S,TM,1,3/12/25,NA,33.9,17,7,10,1,30,1,0.1,0,0,0,NA,NA,NA,NA,NA,NA,NA,NA,NA,NA,NA,NA
8/26/24,SFE-M-1S,TM,2,3/12/25,NA,49.9,10,6,12,1,15,4,0.1,0,2,0,NA,NA,NA,NA,NA,NA,NA,NA,NA,NA,NA,NA
8/26/24,SFE-M-1S,TM,3,3/12/25,NA,42.9,7,10,5,1,35,0,0.1,0,0,0,NA,NA,NA,NA,NA,NA,NA,NA,NA,NA,NA,NA
8/26/24,SFE-M-1S,TAC,1,3/12/25,NA,0.1,5,5,12,15,20,35.8,7,0.1,0,0,NA,NA,NA,NA,NA,NA,NA,NA,NA,NA,NA,NA
8/26/24,SFE-M-1S,TAC,2,3/12/25,NA,0.1,3,2,10,1,24,57.8,2,0.1,0,0,NA,NA,NA,NA,NA,NA,NA,NA,NA,NA,NA,NA
8/26/24,SFE-M-1S,TAC,3,3/12/25,NA,0.1,2,7,13,1,46,27.8,3,0.1,0,0,NA,NA,NA,NA,NA,NA,NA,NA,NA,NA,NA,NA
8/26/24,SFE-M-2,TM,1,3/12/25,NA,93.9,2,2,1,0,1,0,0,0,0,0.1,NA,NA,NA,NA,NA,NA,NA,NA,NA,NA,NA,NA
8/26/24,SFE-M-2,TM,2,3/12/25,NA,25.9,15,45,3,5,3,1,0,0,0,0.1,NA,NA,NA,NA,NA,NA,NA,NA,NA,NA,NA,NA
8/26/24,SFE-M-2,TM,3,3/12/25,NA,72.9,10,10,5,1,3,0,0,0,0,0.1,NA,NA,NA,NA,NA,NA,NA,NA,NA,NA,NA,NA
8/26/24,SFE-M-2,TAC,1,3/12/25,NA,1,3,35,5,2,40,14,0,0,0,0,NA,NA,NA,NA,NA,NA,NA,NA,NA,NA,NA,NA
8/26/24,SFE-M-2,TAC,2,3/12/25,NA,15,5,19,15,6,20,20,0,0,0,0,NA,NA,NA,NA,NA,NA,NA,NA,NA,NA,NA,NA
8/26/24,SFE-M-2,TAC,3,3/12/25,NA,8,6,10,3,2,60,11,0,0,0,0,NA,NA,NA,NA,NA,NA,NA,NA,NA,NA,NA,NA
8/26/24,SFE-M-3,TM,1,3/25/25,NA,55,5,20,7,2,10,1,0,0,0,0,NA,NA,NA,NA,NA,NA,NA,NA,NA,NA,NA,NA
8/26/24,SFE-M-3,TM,2,3/25/25,NA,52,10,30,2,3,3,0,0,0,0,0,NA,NA,NA,NA,NA,NA,NA,NA,NA,NA,NA,NA
8/26/24,SFE-M-3,TM,3,3/25/25,NA,59,5,23,5,2,5,1,0,0,0,0,NA,NA,NA,NA,NA,NA,NA,NA,NA,NA,NA,NA
8/26/24,SFE-M-3,TAC,1,3/25/25,NA,0.1,3,15,8,6,40,26.9,1,0,0,0,NA,NA,NA,NA,NA,NA,NA,NA,NA,NA,NA,NA
8/26/24,SFE-M-3,TAC,2,3/25/25,NA,0.1,2,12,7,5,45,6.9,2,0,0,0,NA,NA,NA,NA,NA,NA,NA,NA,NA,NA,NA,NA
8/26/24,SFE-M-3,TAC,3,3/25/25,NA,0.1,1,2,20,1,5,78.9,1,0,0,0,NA,NA,NA,NA,NA,NA,NA,NA,NA,NA,NA,NA
8/26/24,SFE-M-4,TM,1,3/25/25,NA,83,5,5,2,2,3,0,0,0,0,0,NA,NA,NA,NA,NA,NA,NA,NA,NA,NA,NA,NA
8/26/24,SFE-M-4,TM,2,3/25/25,NA,47,10,10,3,5,25,0,0,0,0,0,NA,NA,NA,NA,NA,NA,NA,NA,NA,NA,NA,NA
8/26/24,SFE-M-4,TM,3,3/25/25,NA,20,2,5,25,2,1,45,0,0,0,0,NA,NA,NA,NA,NA,NA,NA,NA,NA,NA,NA,NA
8/26/24,SFE-M-4,TAC,1,3/25/25,NA,0.1,15,10,5,5,2,60.9,2,0,0,0,NA,NA,NA,NA,NA,NA,NA,NA,NA,NA,NA,NA
8/26/24,SFE-M-4,TAC,2,3/25/25,NA,0.1,1,5,2,5,7,75.9,5,0,0,0,NA,NA,NA,NA,NA,NA,NA,NA,NA,NA,NA,NA
8/26/24,SFE-M-4,TAC,3,3/25/25,NA,0.1,7,6,5,20,1,59.9,1,0,0,0,NA,NA,NA,NA,NA,NA,NA,NA,NA,NA,NA,NA
9/27/24,SFE-M-1S,TM,1,3/27/25,NA,25,31,35,3,5,1,0,0,0,0,0,NA,NA,NA,NA,NA,NA,NA,NA,NA,NA,NA,NA
9/27/24,SFE-M-1S,TM,2,3/27/25,NA,30,20,41,2,5,2,0,0,0,0,0,NA,NA,NA,NA,NA,NA,NA,NA,NA,NA,NA,NA
9/27/24,SFE-M-1S,TM,3,3/27/25,NA,60,7,8,1,4,20,0,0,0,0,0,NA,NA,NA,NA,NA,NA,NA,NA,NA,NA,NA,NA
9/27/24,SFE-M-2,TM,1,3/27/25,NA,80,5,11,2,0,2,0,0,0,0,0,NA,NA,NA,NA,NA,NA,NA,NA,NA,NA,NA,NA
9/27/24,SFE-M-2,TM,2,3/27/25,NA,35,10,34,3,1,17,0,0,0,0,0,NA,NA,NA,NA,NA,NA,NA,NA,NA,NA,NA,NA
9/27/24,SFE-M-2,TM,3,3/27/25,NA,46,5,7,2,0,40,0,0,0,0,0,NA,NA,NA,NA,NA,NA,NA,NA,NA,NA,NA,NA
10/10/24,SFE-M-1S,TM,1,3/27/25,NA,56,15,10,2,2,15,0,0,0,0,0,NA,NA,NA,NA,NA,NA,NA,NA,NA,NA,NA,NA
10/10/24,SFE-M-1S,TM,2,3/27/25,NA,20,15,60,2,1,2,0,0,0,0,0,NA,NA,NA,NA,NA,NA,NA,NA,NA,NA,NA,NA
10/10/24,SFE-M-1S,TM,3,3/27/25,NA,69,8,20,1,0,2,0,0,0,0,0,NA,NA,NA,NA,NA,NA,NA,NA,NA,NA,NA,NA
,,,,,,,,,,,,,,,,,,,,,,,,,,,,
,,,,,,,,,,,,,,,,,,,,,,,,,,,,
,,,,,,,,,,,,,,,,,,,,,,,,,,,,
,,,,,,,,,,,,,,,,,,,,,,,,,,,,
,,,,,,,,,,,,,,,,,,,,,,,,,,,,
,,,,,,,,,,,,,,,,,,,,,,,,,,,,
,,,,,,,,,,,,,,,,,,,,,,,,,,,,
,,,,,,,,,,,,,,,,,,,,,,,,,,,,
,,,,,,,,,,,,,,,,,,,,,,,,,,,,
,,,,,,,,,,,,,,,,,,,,,,,,,,,,
,,,,,,,,,,,,,,,,,,,,,,,,,,,,
,,,,,,,,,,,,,,,,,,,,,,,,,,,,
,,,,,,,,,,,,,,,,,,,,,,,,,,,,
,,,,,,,,,,,,,,,,,,,,,,,,,,,,
,,,,,,,,,,,,,,,,,,,,,,,,,,,,
,,,,,,,,,,,,,,,,,,,,,,,,,,,,
,,,,,,,,,,,,,,,,,,,,,,,,,,,,
,,,,,,,,,,,,,,,,,,,,,,,,,,,,
,,,,,,,,,,,,,,,,,,,,,,,,,,,,
,,,,,,,,,,,,,,,,,,,,,,,,,,,,
,,,,,,,,,,,,,,,,,,,,,,,,,,,,
,,,,,,,,,,,,,,,,,,,,,,,,,,,,
,,,,,,,,,,,,,,,,,,,,,,,,,,,,
,,,,,,,,,,,,,,,,,,,,,,,,,,,,
,,,,,,,,,,,,,,,,,,,,,,,,,,,,
,,,,,,,,,,,,,,,,,,,,,,,,,,,,
,,,,,,,,,,,,,,,,,,,,,,,,,,,,
,,,,,,,,,,,,,,,,,,,,,,,,,,,,
,,,,,,,,,,,,,,,,,,,,,,,,,,,,
,,,,,,,,,,,,,,,,,,,,,,,,,,,,
,,,,,,,,,,,,,,,,,,,,,,,,,,,,
,,,,,,,,,,,,,,,,,,,,,,,,,,,,
,,,,,,,,,,,,,,,,,,,,,,,,,,,,
,,,,,,,,,,,,,,,,,,,,,,,,,,,,